-- phpMyAdmin SQL Dump
-- version 4.4.13.1
-- http://www.phpmyadmin.net
--
-- Servidor: localhost:3306
-- Tiempo de generación: 22-02-2016 a las 11:44:46
-- Versión del servidor: 5.6.26
-- Versión de PHP: 5.5.30

SET SQL_MODE = "NO_AUTO_VALUE_ON_ZERO";
SET time_zone = "+00:00";


/*!40101 SET @OLD_CHARACTER_SET_CLIENT=@@CHARACTER_SET_CLIENT */;
/*!40101 SET @OLD_CHARACTER_SET_RESULTS=@@CHARACTER_SET_RESULTS */;
/*!40101 SET @OLD_COLLATION_CONNECTION=@@COLLATION_CONNECTION */;
/*!40101 SET NAMES utf8mb4 */;

--
-- Base de datos: `garden`
--

-- --------------------------------------------------------

--
-- Estructura de tabla para la tabla `almacen`
--

CREATE TABLE IF NOT EXISTS `almacen` (
  `id` int(10) unsigned NOT NULL,
  `clave` varchar(50) COLLATE utf8_unicode_ci NOT NULL,
  `nombre` varchar(200) COLLATE utf8_unicode_ci NOT NULL,
  `estatus` tinyint(1) NOT NULL,
  `created_at` timestamp NOT NULL DEFAULT '0000-00-00 00:00:00',
  `updated_at` timestamp NOT NULL DEFAULT '0000-00-00 00:00:00'
) ENGINE=InnoDB AUTO_INCREMENT=2 DEFAULT CHARSET=utf8 COLLATE=utf8_unicode_ci;

--
-- Volcado de datos para la tabla `almacen`
--

INSERT INTO `almacen` (`id`, `clave`, `nombre`, `estatus`, `created_at`, `updated_at`) VALUES
(1, 'AC01', 'Almacen 1', 1, '2015-11-30 06:00:00', '0000-00-00 00:00:00');

-- --------------------------------------------------------

--
-- Estructura de tabla para la tabla `cliente`
--

CREATE TABLE IF NOT EXISTS `cliente` (
  `id` int(10) unsigned NOT NULL,
  `rfc` varchar(13) COLLATE utf8_unicode_ci NOT NULL,
  `usuario_id` int(10) unsigned NOT NULL,
  `agente_id` int(10) unsigned NOT NULL,
  `nivel_descuento_id` int(10) unsigned NOT NULL,
  `nombre_cliente` varchar(255) COLLATE utf8_unicode_ci NOT NULL,
  `paterno` varchar(255) COLLATE utf8_unicode_ci NOT NULL,
  `materno` varchar(255) COLLATE utf8_unicode_ci NOT NULL,
  `nombre_comercial` varchar(255) COLLATE utf8_unicode_ci NOT NULL,
  `razon_social` varchar(255) COLLATE utf8_unicode_ci NOT NULL,
  `numero_cliente` varchar(255) COLLATE utf8_unicode_ci NOT NULL,
  `created_at` timestamp NOT NULL DEFAULT '0000-00-00 00:00:00',
  `updated_at` timestamp NOT NULL DEFAULT '0000-00-00 00:00:00'
) ENGINE=InnoDB AUTO_INCREMENT=93 DEFAULT CHARSET=utf8 COLLATE=utf8_unicode_ci;

--
-- Volcado de datos para la tabla `cliente`
--

INSERT INTO `cliente` (`id`, `rfc`, `usuario_id`, `agente_id`, `nivel_descuento_id`, `nombre_cliente`, `paterno`, `materno`, `nombre_comercial`, `razon_social`, `numero_cliente`, `created_at`, `updated_at`) VALUES
(13, 'efrefgerg', 69, 51, 1, 'Yari', 'Jaramillo', 'Mestiza', 'Nose', 'Nose', '', '2015-12-03 00:41:02', '2015-12-03 00:41:02'),
(22, 'cupu800825569', 78, 0, 1, 'Alfonso', 'Espino', '', '', '', '', '2015-12-03 02:11:09', '2015-12-03 02:11:09'),
(23, 'melm8305281h0', 79, 0, 1, 'Ulises', 'Martinez', 'Garcia', 'Policia', 'No me la se', '', '2015-12-03 02:13:33', '2015-12-03 02:13:33'),
(24, 'LOLM9007231D9', 80, 0, 1, 'Jose Luis', 'Garfias', '', '', '', '', '2015-12-03 02:21:26', '2015-12-03 02:21:26'),
(25, 'mohl931012ooo', 81, 0, 1, 'Luis Angel', 'Mondragon', 'Herrera', 'angelmh', 'XD', '', '2015-12-03 02:34:38', '2015-12-03 02:34:38'),
(29, 'melm8305281h0', 85, 0, 1, 'Diana', 'melendez', '', '', '', '', '2015-12-04 01:46:07', '2015-12-04 01:46:07'),
(30, 'hmsl8302188h6', 86, 0, 1, 'Julia', 'Benitez', '', '', '', '', '2015-12-04 01:48:38', '2015-12-04 01:48:38'),
(33, 'melm830512ako', 89, 0, 1, 'Yatziri', 'Avilez', '', '', '', '', '2015-12-04 12:46:29', '2015-12-04 12:46:29'),
(34, 'melm8305281h0', 90, 0, 1, 'Yovanny', 'Herrera', '', '', '', '', '2015-12-04 17:47:09', '2015-12-04 17:47:09'),
(35, 'melm8305281h0', 91, 0, 1, 'Angelmon', 'Mondragon', 'Herrera', 'No se', 'No se', '', '2015-12-04 18:26:23', '2015-12-04 18:26:23'),
(46, 'edfrgthyujklo', 102, 0, 1, 'Victor', 'Acosta', '', '', '', '', '2015-12-17 06:52:09', '2015-12-17 06:52:09'),
(47, 'tghyuiolpñkjh', 103, 0, 1, 'dedede', 'dedede', 'dedede', 'dwefrg', 'rthrthtr', '', '2015-12-17 06:58:57', '2015-12-17 06:58:57'),
(50, 'melm830512ako', 106, 0, 1, 'Pedrito', 'Chavez', '', '', '', '', '2015-12-17 07:20:41', '2015-12-17 07:20:41'),
(51, 'melm830512ako', 107, 0, 1, 'Rafita', 'Chavez', '', '', '', '', '2015-12-17 07:25:32', '2015-12-17 07:25:32'),
(55, 'MELM8305281H0', 111, 0, 1, 'Pricila', 'Herrera', 'Ortega', 'No se ', 'No se', '', '2015-12-18 02:05:44', '2015-12-18 02:05:44'),
(56, 'MELM8305281H0', 112, 0, 1, 'Samuel', 'Sanchez', 'Cardozo', 'No se XD', 'No se XD', '', '2015-12-18 04:38:20', '2015-12-18 04:38:20'),
(63, 'melm8305281h0', 121, 0, 1, 'Ignacio', 'Sanchez', '', '', '', '0001', '2016-01-11 23:54:38', '2016-01-11 23:54:38'),
(64, 'MELM8305281h0', 122, 0, 1, 'Rodolfo', 'Carmona', '', '', '', '20160111021', '2016-01-11 23:58:50', '2016-01-11 23:58:50'),
(65, 'MELM8305281HO', 123, 0, 1, 'Juan Luis', 'Gomez', '', '', '', '20160111123632', '2016-01-11 18:36:32', '2016-01-11 18:36:32'),
(66, 'MELM8305281H0', 125, 0, 1, 'Arturo', 'Quiensabe', '', '', '', '20160111124034125', '2016-01-11 18:40:34', '2016-01-11 18:40:34'),
(67, 'MELM8305281H0', 126, 0, 1, 'Luis Angel', 'Mondragon ', 'Herrera', '', '', '20160111125107126', '2016-01-11 18:51:07', '2016-01-11 18:51:07'),
(68, 'melm8305281h0', 128, 0, 1, 'Leonor', 'Vallesteros', '', '', '', '20160112233209128', '2016-01-13 05:32:09', '2016-01-13 05:32:09'),
(69, 'melm8305281h0', 129, 0, 1, 'James', 'Figueroa', 'Perez', '', '', '20160113235327129', '2016-01-14 05:53:27', '2016-01-14 05:53:27'),
(70, 'MELM8305281H0', 130, 0, 1, 'Luis', 'Mondragon', 'Herrera', '', '', '20160116224505130', '2016-01-17 04:45:05', '2016-01-17 04:45:05'),
(71, 'MELM8305281H0', 131, 0, 1, 'Carmen', 'Esquivel', '', '', '', '2016012131401131', '2016-01-21 09:14:01', '2016-01-21 09:14:01'),
(72, 'MELM8305281H0', 132, 0, 1, 'Erick Alberto', 'Lopez', '', '', '', '20160121114800132', '2016-01-21 17:48:00', '2016-01-21 17:48:00'),
(73, 'MELM8305281H0', 133, 0, 1, 'Pepe', 'Pepe', 'pepe', '', '', '20160122115339133', '2016-01-22 17:53:39', '2016-01-22 17:53:39'),
(74, 'MELM8305281H0', 134, 0, 1, 'Robertiño', 'Sanches', '', '', '', '20160122202523134', '2016-01-23 02:25:23', '2016-01-23 02:25:23'),
(75, 'MELM8305281H0', 135, 92, 1, 'ChalesXD', 'Chales', '', '', '', '20160122214716135', '2016-01-23 03:47:16', '2016-01-23 03:47:16'),
(76, 'MELM8305281H0', 136, 0, 1, 'Vegeta', 'No se XD', 'No se XD', '', '', '20160122225054136', '2016-01-23 04:50:54', '2016-01-23 04:50:54'),
(77, 'MELM8305281H0', 137, 0, 1, 'Gohan', 'Sajayin', '', '', '', '20160123104955137', '2016-01-23 16:49:55', '2016-01-23 16:49:55'),
(78, 'MELM8305281H0', 138, 0, 1, 'Krilin', 'No se XD', '', '', '', '2016012402303138', '2016-01-24 06:23:03', '2016-01-24 06:23:03'),
(79, 'MELM8305281H0', 139, 0, 1, 'Yamcha', 'XDxd', 'xdxd', '', '', '20160203121641139', '2016-02-03 18:16:41', '2016-02-03 18:16:41'),
(80, 'MELM8305281H0', 140, 0, 1, 'El maestro roshi', 'Peleador', '', '', '', '20160203212306140', '2016-02-04 03:23:06', '2016-02-04 03:23:06'),
(81, 'MELM8305281H0', 141, 92, 1, 'Brolyn', 'Legendario', 'Sayayin', '', '', '20160204111517141', '2016-02-04 17:15:17', '2016-02-04 17:15:17'),
(82, 'MELM8305281H0', 142, 0, 1, 'Sepala', 'Goma', '', '', '', '20160205150009142', '2016-02-05 21:00:09', '2016-02-05 21:00:09'),
(83, 'MELM8305281H0', 143, 27, 1, 'MajinBoo', 'Malvado', '', '', '', '20160209183901143', '2016-02-10 00:39:01', '2016-02-10 00:39:01'),
(84, 'MELM8305281H0', 144, 27, 1, 'Celle', 'Destructor', 'De la maldad', '', '', '20160209185701144', '2016-02-10 00:57:01', '2016-02-10 00:57:01'),
(85, 'MELM8305281H0', 145, 0, 1, 'Frezzer', 'Malvado XD', '', '', '', '20160209213824145', '2016-02-10 03:38:24', '2016-02-10 03:38:24'),
(86, 'MELM8305281H0', 146, 0, 1, 'Yeins', 'Memes', '', '', '', '20160210214225146', '2016-02-11 03:42:25', '2016-02-11 03:42:25'),
(87, 'melm8305281h0', 147, 0, 1, 'Tapion', 'Nose XD', '', '', '', '20160214101232147', '2016-02-14 16:12:32', '2016-02-14 16:12:32'),
(88, 'melm8305281h0', 148, 0, 1, 'Naruto', 'Shippudem', '', '', '', '20160214162709148', '2016-02-14 22:27:09', '2016-02-14 22:27:09'),
(89, 'uyigiugiughiu', 149, 92, 2, 'Cliente', 'Apellido', 'Apellido2', 'Comercial', '', '20160216123159149', '2016-02-16 18:31:59', '2016-02-16 18:31:59'),
(90, 'melm8305281h0', 150, 0, 1, 'Juan', 'No se', '', '', '', '2016021752813150', '2016-02-17 11:28:13', '2016-02-17 11:28:13'),
(91, 'melm8305281h0', 151, 0, 1, 'Oviler', 'Atom', '', '', '', '20160218170555151', '2016-02-18 23:05:55', '2016-02-18 23:05:55'),
(92, 'melm8305281h0', 152, 27, 1, 'Benyi', 'Prais :p', '', 'Super Benyi', 'Portero Niupi', '20160220140001152', '2016-02-20 20:00:01', '2016-02-20 20:00:01');

-- --------------------------------------------------------

--
-- Estructura de tabla para la tabla `cliente_forma_pago`
--

CREATE TABLE IF NOT EXISTS `cliente_forma_pago` (
  `id` int(10) unsigned NOT NULL,
  `cliente_id` int(10) unsigned NOT NULL,
  `forma_pago_id` int(10) unsigned NOT NULL,
  `created_at` timestamp NOT NULL DEFAULT '0000-00-00 00:00:00',
  `updated_at` timestamp NOT NULL DEFAULT '0000-00-00 00:00:00'
) ENGINE=InnoDB AUTO_INCREMENT=721 DEFAULT CHARSET=utf8 COLLATE=utf8_unicode_ci;

--
-- Volcado de datos para la tabla `cliente_forma_pago`
--

INSERT INTO `cliente_forma_pago` (`id`, `cliente_id`, `forma_pago_id`, `created_at`, `updated_at`) VALUES
(416, 80, 2, '2016-02-04 10:48:48', '2016-02-04 10:48:48'),
(417, 80, 1, '2016-02-04 10:50:45', '2016-02-04 10:50:45'),
(418, 80, 2, '2016-02-04 10:51:58', '2016-02-04 10:51:58'),
(419, 80, 4, '2016-02-04 10:53:08', '2016-02-04 10:53:08'),
(420, 81, 2, '2016-02-04 17:19:16', '2016-02-04 17:19:16'),
(421, 76, 2, '2016-02-04 17:22:53', '2016-02-04 17:22:53'),
(422, 76, 2, '2016-02-04 17:24:21', '2016-02-04 17:24:21'),
(423, 76, 2, '2016-02-04 17:25:01', '2016-02-04 17:25:01'),
(424, 76, 2, '2016-02-04 17:26:58', '2016-02-04 17:26:58'),
(425, 76, 1, '2016-02-04 17:29:23', '2016-02-04 17:29:23'),
(426, 76, 2, '2016-02-04 17:35:54', '2016-02-04 17:35:54'),
(427, 76, 4, '2016-02-04 17:37:59', '2016-02-04 17:37:59'),
(428, 76, 3, '2016-02-04 17:42:13', '2016-02-04 17:42:13'),
(429, 76, 2, '2016-02-04 17:44:04', '2016-02-04 17:44:04'),
(430, 76, 2, '2016-02-04 17:47:15', '2016-02-04 17:47:15'),
(431, 76, 2, '2016-02-04 17:49:56', '2016-02-04 17:49:56'),
(432, 76, 1, '2016-02-04 17:52:05', '2016-02-04 17:52:05'),
(433, 76, 2, '2016-02-04 17:55:05', '2016-02-04 17:55:05'),
(434, 76, 3, '2016-02-04 17:57:10', '2016-02-04 17:57:10'),
(435, 76, 3, '2016-02-04 17:58:32', '2016-02-04 17:58:32'),
(436, 76, 3, '2016-02-04 17:59:30', '2016-02-04 17:59:30'),
(437, 76, 4, '2016-02-04 18:00:04', '2016-02-04 18:00:04'),
(438, 76, 4, '2016-02-04 18:00:54', '2016-02-04 18:00:54'),
(439, 76, 2, '2016-02-04 18:06:14', '2016-02-04 18:06:14'),
(440, 76, 2, '2016-02-04 18:07:02', '2016-02-04 18:07:02'),
(441, 76, 2, '2016-02-04 18:08:03', '2016-02-04 18:08:03'),
(442, 76, 3, '2016-02-04 18:08:41', '2016-02-04 18:08:41'),
(443, 76, 3, '2016-02-04 18:10:34', '2016-02-04 18:10:34'),
(444, 76, 4, '2016-02-04 18:12:24', '2016-02-04 18:12:24'),
(445, 81, 3, '2016-02-04 20:49:53', '2016-02-04 20:49:53'),
(446, 81, 2, '2016-02-04 22:51:33', '2016-02-04 22:51:33'),
(447, 81, 2, '2016-02-05 00:37:55', '2016-02-05 00:37:55'),
(448, 81, 1, '2016-02-05 00:38:31', '2016-02-05 00:38:31'),
(449, 81, 2, '2016-02-05 04:56:32', '2016-02-05 04:56:32'),
(450, 81, 4, '2016-02-05 20:13:53', '2016-02-05 20:13:53'),
(451, 81, 2, '2016-02-05 20:56:41', '2016-02-05 20:56:41'),
(452, 81, 2, '2016-02-05 20:57:51', '2016-02-05 20:57:51'),
(453, 81, 3, '2016-02-05 20:58:40', '2016-02-05 20:58:40'),
(454, 81, 2, '2016-02-06 00:53:48', '2016-02-06 00:53:48'),
(455, 81, 2, '2016-02-06 01:23:51', '2016-02-06 01:23:51'),
(456, 82, 2, '2016-02-06 02:51:34', '2016-02-06 02:51:34'),
(457, 82, 3, '2016-02-06 03:00:25', '2016-02-06 03:00:25'),
(458, 82, 3, '2016-02-06 03:01:22', '2016-02-06 03:01:22'),
(459, 82, 3, '2016-02-06 03:03:13', '2016-02-06 03:03:13'),
(460, 82, 1, '2016-02-06 03:30:30', '2016-02-06 03:30:30'),
(461, 82, 2, '2016-02-06 03:39:27', '2016-02-06 03:39:27'),
(462, 82, 3, '2016-02-06 03:40:56', '2016-02-06 03:40:56'),
(463, 82, 4, '2016-02-06 03:42:17', '2016-02-06 03:42:17'),
(464, 81, 4, '2016-02-06 19:29:59', '2016-02-06 19:29:59'),
(465, 81, 4, '2016-02-06 19:30:41', '2016-02-06 19:30:41'),
(466, 81, 2, '2016-02-06 19:31:36', '2016-02-06 19:31:36'),
(467, 82, 3, '2016-02-08 17:31:55', '2016-02-08 17:31:55'),
(468, 82, 4, '2016-02-08 17:35:29', '2016-02-08 17:35:29'),
(469, 82, 3, '2016-02-08 17:37:48', '2016-02-08 17:37:48'),
(470, 82, 2, '2016-02-08 17:40:31', '2016-02-08 17:40:31'),
(471, 82, 2, '2016-02-08 17:43:10', '2016-02-08 17:43:10'),
(472, 82, 3, '2016-02-08 17:44:20', '2016-02-08 17:44:20'),
(473, 82, 3, '2016-02-08 17:49:05', '2016-02-08 17:49:05'),
(474, 82, 3, '2016-02-08 17:50:20', '2016-02-08 17:50:20'),
(475, 82, 3, '2016-02-08 17:51:43', '2016-02-08 17:51:43'),
(476, 82, 2, '2016-02-08 17:59:14', '2016-02-08 17:59:14'),
(477, 82, 2, '2016-02-08 18:01:26', '2016-02-08 18:01:26'),
(478, 82, 2, '2016-02-08 18:05:24', '2016-02-08 18:05:24'),
(479, 82, 1, '2016-02-08 18:06:34', '2016-02-08 18:06:34'),
(480, 82, 2, '2016-02-08 18:08:44', '2016-02-08 18:08:44'),
(481, 82, 3, '2016-02-08 18:12:54', '2016-02-08 18:12:54'),
(482, 82, 3, '2016-02-08 21:02:34', '2016-02-08 21:02:34'),
(483, 82, 2, '2016-02-08 21:03:23', '2016-02-08 21:03:23'),
(484, 82, 2, '2016-02-08 21:05:06', '2016-02-08 21:05:06'),
(485, 82, 3, '2016-02-08 22:25:24', '2016-02-08 22:25:24'),
(486, 82, 4, '2016-02-08 22:28:09', '2016-02-08 22:28:09'),
(487, 82, 2, '2016-02-08 22:30:04', '2016-02-08 22:30:04'),
(488, 82, 1, '2016-02-09 16:53:51', '2016-02-09 16:53:51'),
(489, 82, 1, '2016-02-09 17:31:52', '2016-02-09 17:31:52'),
(490, 82, 1, '2016-02-09 17:32:30', '2016-02-09 17:32:30'),
(491, 82, 1, '2016-02-09 17:32:58', '2016-02-09 17:32:58'),
(492, 82, 1, '2016-02-09 17:34:42', '2016-02-09 17:34:42'),
(493, 82, 3, '2016-02-09 18:02:12', '2016-02-09 18:02:12'),
(494, 82, 3, '2016-02-09 18:03:36', '2016-02-09 18:03:36'),
(495, 82, 2, '2016-02-09 18:04:02', '2016-02-09 18:04:02'),
(496, 82, 4, '2016-02-09 18:04:32', '2016-02-09 18:04:32'),
(497, 82, 1, '2016-02-09 18:05:09', '2016-02-09 18:05:09'),
(498, 82, 3, '2016-02-09 18:06:31', '2016-02-09 18:06:31'),
(499, 82, 1, '2016-02-09 18:07:30', '2016-02-09 18:07:30'),
(500, 82, 1, '2016-02-09 18:08:26', '2016-02-09 18:08:26'),
(501, 82, 1, '2016-02-09 18:09:25', '2016-02-09 18:09:25'),
(502, 82, 2, '2016-02-09 18:10:21', '2016-02-09 18:10:21'),
(503, 82, 1, '2016-02-09 18:11:08', '2016-02-09 18:11:08'),
(504, 82, 2, '2016-02-09 18:12:16', '2016-02-09 18:12:16'),
(505, 82, 1, '2016-02-09 18:13:30', '2016-02-09 18:13:30'),
(506, 82, 2, '2016-02-09 18:15:28', '2016-02-09 18:15:28'),
(507, 82, 1, '2016-02-09 18:16:38', '2016-02-09 18:16:38'),
(508, 82, 3, '2016-02-09 18:17:37', '2016-02-09 18:17:37'),
(509, 82, 4, '2016-02-09 18:19:06', '2016-02-09 18:19:06'),
(510, 82, 1, '2016-02-09 18:21:17', '2016-02-09 18:21:17'),
(511, 82, 1, '2016-02-09 18:24:42', '2016-02-09 18:24:42'),
(512, 82, 1, '2016-02-09 18:25:48', '2016-02-09 18:25:48'),
(513, 82, 2, '2016-02-09 18:29:35', '2016-02-09 18:29:35'),
(514, 82, 3, '2016-02-09 18:34:57', '2016-02-09 18:34:57'),
(515, 82, 1, '2016-02-09 18:36:14', '2016-02-09 18:36:14'),
(516, 83, 1, '2016-02-10 00:43:47', '2016-02-10 00:43:47'),
(517, 83, 3, '2016-02-10 00:51:11', '2016-02-10 00:51:11'),
(518, 83, 1, '2016-02-10 00:52:36', '2016-02-10 00:52:36'),
(519, 84, 1, '2016-02-10 00:58:51', '2016-02-10 00:58:51'),
(520, 84, 2, '2016-02-10 01:00:12', '2016-02-10 01:00:12'),
(521, 84, 4, '2016-02-10 01:00:55', '2016-02-10 01:00:55'),
(522, 84, 1, '2016-02-10 02:28:57', '2016-02-10 02:28:57'),
(523, 84, 2, '2016-02-10 02:48:35', '2016-02-10 02:48:35'),
(524, 84, 1, '2016-02-10 03:02:33', '2016-02-10 03:02:33'),
(525, 84, 1, '2016-02-10 03:03:40', '2016-02-10 03:03:40'),
(526, 84, 1, '2016-02-10 03:05:05', '2016-02-10 03:05:05'),
(527, 84, 1, '2016-02-10 03:13:06', '2016-02-10 03:13:06'),
(528, 84, 1, '2016-02-10 03:14:16', '2016-02-10 03:14:16'),
(529, 84, 1, '2016-02-10 03:18:16', '2016-02-10 03:18:16'),
(530, 84, 2, '2016-02-10 03:19:19', '2016-02-10 03:19:19'),
(531, 84, 2, '2016-02-10 03:20:51', '2016-02-10 03:20:51'),
(532, 84, 4, '2016-02-10 03:21:31', '2016-02-10 03:21:31'),
(533, 84, 2, '2016-02-10 03:25:58', '2016-02-10 03:25:58'),
(534, 84, 1, '2016-02-10 03:30:57', '2016-02-10 03:30:57'),
(535, 85, 1, '2016-02-10 03:45:16', '2016-02-10 03:45:16'),
(536, 85, 2, '2016-02-10 04:12:46', '2016-02-10 04:12:46'),
(537, 85, 4, '2016-02-10 04:13:41', '2016-02-10 04:13:41'),
(538, 85, 2, '2016-02-10 04:14:46', '2016-02-10 04:14:46'),
(539, 85, 3, '2016-02-10 04:15:51', '2016-02-10 04:15:51'),
(540, 85, 2, '2016-02-10 04:17:32', '2016-02-10 04:17:32'),
(541, 85, 3, '2016-02-10 04:18:45', '2016-02-10 04:18:45'),
(542, 84, 1, '2016-02-10 04:20:58', '2016-02-10 04:20:58'),
(543, 85, 1, '2016-02-10 05:18:55', '2016-02-10 05:18:55'),
(544, 85, 1, '2016-02-10 05:20:45', '2016-02-10 05:20:45'),
(545, 85, 4, '2016-02-10 05:21:43', '2016-02-10 05:21:43'),
(546, 85, 3, '2016-02-10 05:22:42', '2016-02-10 05:22:42'),
(547, 85, 2, '2016-02-10 05:24:03', '2016-02-10 05:24:03'),
(548, 85, 4, '2016-02-10 05:25:22', '2016-02-10 05:25:22'),
(549, 85, 2, '2016-02-10 05:26:06', '2016-02-10 05:26:06'),
(550, 85, 3, '2016-02-10 05:37:49', '2016-02-10 05:37:49'),
(551, 85, 2, '2016-02-10 05:39:53', '2016-02-10 05:39:53'),
(552, 85, 2, '2016-02-10 05:42:48', '2016-02-10 05:42:48'),
(553, 85, 2, '2016-02-10 05:50:36', '2016-02-10 05:50:36'),
(554, 85, 2, '2016-02-10 17:22:59', '2016-02-10 17:22:59'),
(555, 85, 2, '2016-02-10 17:27:43', '2016-02-10 17:27:43'),
(556, 85, 1, '2016-02-10 18:18:56', '2016-02-10 18:18:56'),
(557, 85, 2, '2016-02-10 18:19:39', '2016-02-10 18:19:39'),
(558, 85, 1, '2016-02-10 18:20:31', '2016-02-10 18:20:31'),
(559, 85, 3, '2016-02-10 18:26:32', '2016-02-10 18:26:32'),
(560, 85, 2, '2016-02-10 18:28:00', '2016-02-10 18:28:00'),
(561, 85, 3, '2016-02-10 18:29:52', '2016-02-10 18:29:52'),
(562, 85, 2, '2016-02-10 18:42:53', '2016-02-10 18:42:53'),
(563, 85, 4, '2016-02-10 18:44:36', '2016-02-10 18:44:36'),
(564, 85, 3, '2016-02-10 18:46:40', '2016-02-10 18:46:40'),
(565, 85, 4, '2016-02-10 18:48:11', '2016-02-10 18:48:11'),
(566, 85, 4, '2016-02-10 18:52:30', '2016-02-10 18:52:30'),
(567, 85, 4, '2016-02-10 18:53:12', '2016-02-10 18:53:12'),
(568, 85, 3, '2016-02-10 18:56:47', '2016-02-10 18:56:47'),
(569, 85, 2, '2016-02-10 19:02:49', '2016-02-10 19:02:49'),
(570, 85, 3, '2016-02-10 19:04:31', '2016-02-10 19:04:31'),
(571, 85, 4, '2016-02-10 19:05:13', '2016-02-10 19:05:13'),
(572, 85, 2, '2016-02-10 19:07:05', '2016-02-10 19:07:05'),
(573, 85, 2, '2016-02-10 19:08:01', '2016-02-10 19:08:01'),
(574, 85, 2, '2016-02-10 19:11:23', '2016-02-10 19:11:23'),
(575, 84, 1, '2016-02-11 08:10:57', '2016-02-11 08:10:57'),
(576, 84, 1, '2016-02-11 08:11:24', '2016-02-11 08:11:24'),
(577, 82, 3, '2016-02-11 08:15:46', '2016-02-11 08:15:46'),
(578, 84, 1, '2016-02-12 03:28:41', '2016-02-12 03:28:41'),
(579, 82, 2, '2016-02-12 18:36:00', '2016-02-12 18:36:00'),
(580, 82, 1, '2016-02-12 18:37:00', '2016-02-12 18:37:00'),
(581, 82, 2, '2016-02-12 18:43:21', '2016-02-12 18:43:21'),
(582, 82, 3, '2016-02-12 18:47:41', '2016-02-12 18:47:41'),
(583, 82, 3, '2016-02-12 18:48:47', '2016-02-12 18:48:47'),
(584, 82, 3, '2016-02-12 18:50:25', '2016-02-12 18:50:25'),
(585, 82, 2, '2016-02-12 19:07:09', '2016-02-12 19:07:09'),
(586, 82, 2, '2016-02-12 19:40:32', '2016-02-12 19:40:32'),
(587, 82, 2, '2016-02-12 19:42:43', '2016-02-12 19:42:43'),
(588, 84, 1, '2016-02-12 19:47:36', '2016-02-12 19:47:36'),
(589, 84, 2, '2016-02-12 20:03:53', '2016-02-12 20:03:53'),
(590, 84, 1, '2016-02-12 20:05:54', '2016-02-12 20:05:54'),
(591, 84, 2, '2016-02-12 20:17:15', '2016-02-12 20:17:15'),
(592, 84, 1, '2016-02-12 20:22:19', '2016-02-12 20:22:19'),
(593, 84, 2, '2016-02-12 20:23:38', '2016-02-12 20:23:38'),
(594, 84, 1, '2016-02-12 20:24:52', '2016-02-12 20:24:52'),
(595, 84, 3, '2016-02-12 20:44:18', '2016-02-12 20:44:18'),
(596, 84, 2, '2016-02-12 20:46:49', '2016-02-12 20:46:49'),
(597, 84, 2, '2016-02-12 20:50:38', '2016-02-12 20:50:38'),
(598, 84, 1, '2016-02-12 20:52:31', '2016-02-12 20:52:31'),
(599, 84, 3, '2016-02-12 22:14:51', '2016-02-12 22:14:51'),
(600, 84, 1, '2016-02-13 18:02:16', '2016-02-13 18:02:16'),
(601, 84, 3, '2016-02-13 18:04:50', '2016-02-13 18:04:50'),
(602, 84, 1, '2016-02-13 18:06:52', '2016-02-13 18:06:52'),
(603, 84, 1, '2016-02-13 19:00:00', '2016-02-13 19:00:00'),
(604, 84, 2, '2016-02-13 19:18:53', '2016-02-13 19:18:53'),
(605, 28, 1, '2016-02-13 21:31:21', '2016-02-13 21:31:21'),
(606, 28, 2, '2016-02-13 21:33:15', '2016-02-13 21:33:15'),
(607, 28, 1, '2016-02-13 21:33:53', '2016-02-13 21:33:53'),
(608, 84, 1, '2016-02-14 02:37:53', '2016-02-14 02:37:53'),
(609, 84, 2, '2016-02-14 03:55:33', '2016-02-14 03:55:33'),
(610, 84, 2, '2016-02-14 03:57:26', '2016-02-14 03:57:26'),
(611, 84, 2, '2016-02-14 03:58:34', '2016-02-14 03:58:34'),
(612, 84, 2, '2016-02-14 04:10:33', '2016-02-14 04:10:33'),
(613, 84, 2, '2016-02-14 04:11:53', '2016-02-14 04:11:53'),
(614, 84, 4, '2016-02-14 04:14:07', '2016-02-14 04:14:07'),
(615, 84, 2, '2016-02-14 06:16:12', '2016-02-14 06:16:12'),
(616, 84, 2, '2016-02-14 08:21:46', '2016-02-14 08:21:46'),
(617, 87, 1, '2016-02-14 16:20:37', '2016-02-14 16:20:37'),
(618, 87, 4, '2016-02-14 16:23:11', '2016-02-14 16:23:11'),
(619, 87, 4, '2016-02-14 16:23:49', '2016-02-14 16:23:49'),
(620, 87, 4, '2016-02-14 16:24:33', '2016-02-14 16:24:33'),
(621, 87, 2, '2016-02-14 16:26:16', '2016-02-14 16:26:16'),
(622, 87, 2, '2016-02-14 16:28:05', '2016-02-14 16:28:05'),
(623, 87, 3, '2016-02-14 16:33:37', '2016-02-14 16:33:37'),
(624, 87, 1, '2016-02-14 16:37:18', '2016-02-14 16:37:18'),
(625, 87, 3, '2016-02-14 16:41:39', '2016-02-14 16:41:39'),
(626, 87, 3, '2016-02-14 16:43:27', '2016-02-14 16:43:27'),
(627, 87, 3, '2016-02-14 16:46:27', '2016-02-14 16:46:27'),
(628, 87, 1, '2016-02-14 16:49:48', '2016-02-14 16:49:48'),
(629, 84, 1, '2016-02-14 20:34:42', '2016-02-14 20:34:42'),
(630, 84, 2, '2016-02-14 21:03:09', '2016-02-14 21:03:09'),
(631, 88, 1, '2016-02-14 22:29:53', '2016-02-14 22:29:53'),
(632, 88, 2, '2016-02-14 22:31:51', '2016-02-14 22:31:51'),
(633, 88, 4, '2016-02-14 22:33:42', '2016-02-14 22:33:42'),
(634, 88, 4, '2016-02-14 22:35:08', '2016-02-14 22:35:08'),
(635, 88, 3, '2016-02-14 22:37:13', '2016-02-14 22:37:13'),
(636, 88, 4, '2016-02-14 22:38:04', '2016-02-14 22:38:04'),
(637, 88, 2, '2016-02-14 22:39:28', '2016-02-14 22:39:28'),
(638, 88, 4, '2016-02-14 22:40:38', '2016-02-14 22:40:38'),
(639, 88, 4, '2016-02-14 22:42:28', '2016-02-14 22:42:28'),
(640, 88, 3, '2016-02-14 22:59:28', '2016-02-14 22:59:28'),
(641, 88, 3, '2016-02-14 23:00:27', '2016-02-14 23:00:27'),
(642, 88, 1, '2016-02-15 00:00:50', '2016-02-15 00:00:50'),
(643, 85, 3, '2016-02-15 03:31:20', '2016-02-15 03:31:20'),
(644, 84, 2, '2016-02-15 04:08:25', '2016-02-15 04:08:25'),
(645, 31, 1, '2016-02-15 04:16:20', '2016-02-15 04:16:20'),
(646, 84, 3, '2016-02-15 07:53:19', '2016-02-15 07:53:19'),
(647, 84, 1, '2016-02-15 17:17:58', '2016-02-15 17:17:58'),
(648, 88, 2, '2016-02-16 02:41:49', '2016-02-16 02:41:49'),
(649, 84, 1, '2016-02-16 09:01:31', '2016-02-16 09:01:31'),
(650, 84, 3, '2016-02-16 09:02:59', '2016-02-16 09:02:59'),
(651, 84, 4, '2016-02-16 09:04:15', '2016-02-16 09:04:15'),
(652, 84, 4, '2016-02-16 09:36:17', '2016-02-16 09:36:17'),
(653, 84, 4, '2016-02-16 18:38:34', '2016-02-16 18:38:34'),
(654, 88, 2, '2016-02-17 11:23:42', '2016-02-17 11:23:42'),
(655, 88, 4, '2016-02-17 11:24:46', '2016-02-17 11:24:46'),
(656, 88, 2, '2016-02-17 11:26:34', '2016-02-17 11:26:34'),
(657, 90, 4, '2016-02-17 11:29:48', '2016-02-17 11:29:48'),
(658, 90, 3, '2016-02-17 11:32:08', '2016-02-17 11:32:08'),
(659, 90, 3, '2016-02-17 11:36:57', '2016-02-17 11:36:57'),
(660, 90, 2, '2016-02-17 11:40:39', '2016-02-17 11:40:39'),
(661, 90, 2, '2016-02-17 11:48:05', '2016-02-17 11:48:05'),
(662, 90, 2, '2016-02-17 11:49:32', '2016-02-17 11:49:32'),
(663, 90, 3, '2016-02-17 11:51:27', '2016-02-17 11:51:27'),
(664, 90, 1, '2016-02-17 11:52:48', '2016-02-17 11:52:48'),
(665, 84, 1, '2016-02-18 22:39:29', '2016-02-18 22:39:29'),
(666, 92, 2, '2016-02-20 20:01:06', '2016-02-20 20:01:06'),
(667, 92, 3, '2016-02-21 02:55:27', '2016-02-21 02:55:27'),
(668, 92, 2, '2016-02-21 03:11:38', '2016-02-21 03:11:38'),
(669, 92, 3, '2016-02-21 03:36:49', '2016-02-21 03:36:49'),
(670, 92, 1, '2016-02-21 03:38:01', '2016-02-21 03:38:01'),
(671, 92, 4, '2016-02-21 03:39:07', '2016-02-21 03:39:07'),
(672, 92, 2, '2016-02-21 03:40:32', '2016-02-21 03:40:32'),
(673, 92, 4, '2016-02-21 03:44:28', '2016-02-21 03:44:28'),
(674, 92, 3, '2016-02-21 03:45:07', '2016-02-21 03:45:07'),
(675, 92, 3, '2016-02-21 03:48:14', '2016-02-21 03:48:14'),
(676, 92, 2, '2016-02-21 03:50:46', '2016-02-21 03:50:46'),
(677, 92, 3, '2016-02-21 03:53:53', '2016-02-21 03:53:53'),
(678, 92, 4, '2016-02-21 03:57:59', '2016-02-21 03:57:59'),
(679, 92, 3, '2016-02-21 04:56:53', '2016-02-21 04:56:53'),
(680, 92, 3, '2016-02-21 04:58:29', '2016-02-21 04:58:29'),
(681, 92, 2, '2016-02-21 04:59:14', '2016-02-21 04:59:14'),
(682, 92, 2, '2016-02-21 05:25:42', '2016-02-21 05:25:42'),
(683, 92, 3, '2016-02-21 05:26:52', '2016-02-21 05:26:52'),
(684, 92, 3, '2016-02-21 05:30:48', '2016-02-21 05:30:48'),
(685, 92, 2, '2016-02-21 05:31:56', '2016-02-21 05:31:56'),
(686, 84, 3, '2016-02-21 05:33:24', '2016-02-21 05:33:24'),
(687, 84, 3, '2016-02-21 05:34:59', '2016-02-21 05:34:59'),
(688, 84, 2, '2016-02-21 05:35:59', '2016-02-21 05:35:59'),
(689, 84, 2, '2016-02-21 05:38:40', '2016-02-21 05:38:40'),
(690, 84, 2, '2016-02-21 05:41:03', '2016-02-21 05:41:03'),
(691, 84, 1, '2016-02-21 05:43:24', '2016-02-21 05:43:24'),
(692, 84, 3, '2016-02-21 05:45:20', '2016-02-21 05:45:20'),
(693, 84, 2, '2016-02-21 05:48:02', '2016-02-21 05:48:02'),
(694, 84, 3, '2016-02-21 05:49:18', '2016-02-21 05:49:18'),
(695, 84, 2, '2016-02-21 05:51:07', '2016-02-21 05:51:07'),
(696, 84, 1, '2016-02-21 16:33:14', '2016-02-21 16:33:14'),
(697, 84, 1, '2016-02-21 17:38:28', '2016-02-21 17:38:28'),
(698, 84, 3, '2016-02-21 17:51:58', '2016-02-21 17:51:58'),
(699, 84, 3, '2016-02-21 17:56:39', '2016-02-21 17:56:39'),
(700, 84, 3, '2016-02-21 18:01:31', '2016-02-21 18:01:31'),
(701, 84, 2, '2016-02-21 18:05:49', '2016-02-21 18:05:49'),
(702, 84, 2, '2016-02-21 18:19:08', '2016-02-21 18:19:08'),
(703, 84, 3, '2016-02-21 18:29:26', '2016-02-21 18:29:26'),
(704, 84, 4, '2016-02-21 18:42:30', '2016-02-21 18:42:30'),
(705, 84, 2, '2016-02-21 18:44:02', '2016-02-21 18:44:02'),
(706, 84, 3, '2016-02-21 18:45:05', '2016-02-21 18:45:05'),
(707, 84, 2, '2016-02-21 19:02:49', '2016-02-21 19:02:49'),
(708, 84, 2, '2016-02-21 19:12:41', '2016-02-21 19:12:41'),
(709, 84, 2, '2016-02-21 19:51:49', '2016-02-21 19:51:49'),
(710, 84, 3, '2016-02-21 20:20:44', '2016-02-21 20:20:44'),
(711, 84, 3, '2016-02-21 20:22:13', '2016-02-21 20:22:13'),
(712, 84, 3, '2016-02-21 20:24:13', '2016-02-21 20:24:13'),
(713, 84, 3, '2016-02-22 17:43:27', '2016-02-22 17:43:27'),
(714, 84, 2, '2016-02-22 18:17:11', '2016-02-22 18:17:11'),
(715, 84, 3, '2016-02-22 18:18:08', '2016-02-22 18:18:08'),
(716, 84, 1, '2016-02-22 18:21:09', '2016-02-22 18:21:09'),
(717, 84, 1, '2016-02-22 18:24:56', '2016-02-22 18:24:56'),
(718, 84, 3, '2016-02-22 18:30:27', '2016-02-22 18:30:27'),
(719, 84, 1, '2016-02-22 18:36:23', '2016-02-22 18:36:23'),
(720, 84, 1, '2016-02-22 19:41:59', '2016-02-22 19:41:59');

-- --------------------------------------------------------

--
-- Estructura de tabla para la tabla `comercializador`
--

CREATE TABLE IF NOT EXISTS `comercializador` (
  `id` int(10) unsigned NOT NULL,
  `nombre` varchar(255) COLLATE utf8_unicode_ci NOT NULL,
  `created_at` timestamp NOT NULL DEFAULT '0000-00-00 00:00:00',
  `updated_at` timestamp NOT NULL DEFAULT '0000-00-00 00:00:00'
) ENGINE=InnoDB AUTO_INCREMENT=6 DEFAULT CHARSET=utf8 COLLATE=utf8_unicode_ci;

--
-- Volcado de datos para la tabla `comercializador`
--

INSERT INTO `comercializador` (`id`, `nombre`, `created_at`, `updated_at`) VALUES
(1, 'Luis', '2016-02-16 18:25:49', '2016-02-16 18:25:49'),
(2, 'Angel', '2016-02-16 06:00:00', '0000-00-00 00:00:00'),
(3, 'Hector', '2016-02-16 06:00:00', '0000-00-00 00:00:00'),
(4, 'Roberto', '2016-02-16 06:00:00', '0000-00-00 00:00:00'),
(5, 'Saul', '2016-02-16 06:00:00', '0000-00-00 00:00:00');

-- --------------------------------------------------------

--
-- Estructura de tabla para la tabla `contacto`
--

CREATE TABLE IF NOT EXISTS `contacto` (
  `id` int(10) unsigned NOT NULL,
  `proveedor_id` int(10) unsigned NOT NULL,
  `nombre` varchar(255) COLLATE utf8_unicode_ci NOT NULL,
  `correo` varchar(255) COLLATE utf8_unicode_ci NOT NULL,
  `estatus` tinyint(1) NOT NULL,
  `created_at` timestamp NOT NULL DEFAULT '0000-00-00 00:00:00',
  `updated_at` timestamp NOT NULL DEFAULT '0000-00-00 00:00:00'
) ENGINE=InnoDB DEFAULT CHARSET=utf8 COLLATE=utf8_unicode_ci;

-- --------------------------------------------------------

--
-- Estructura de tabla para la tabla `descuento`
--

CREATE TABLE IF NOT EXISTS `descuento` (
  `id` int(10) unsigned NOT NULL,
  `descripcion` varchar(100) COLLATE utf8_unicode_ci NOT NULL,
  `descuento` varchar(45) COLLATE utf8_unicode_ci NOT NULL,
  `created_at` timestamp NOT NULL DEFAULT '0000-00-00 00:00:00',
  `updated_at` timestamp NOT NULL DEFAULT '0000-00-00 00:00:00',
  `estatus` tinyint(1) NOT NULL
) ENGINE=InnoDB AUTO_INCREMENT=3 DEFAULT CHARSET=utf8 COLLATE=utf8_unicode_ci;

--
-- Volcado de datos para la tabla `descuento`
--

INSERT INTO `descuento` (`id`, `descripcion`, `descuento`, `created_at`, `updated_at`, `estatus`) VALUES
(1, 'Esschert Holanda', '5%', '2015-11-30 06:00:00', '0000-00-00 00:00:00', 1),
(2, 'Familia 2', '10%', '2016-02-09 06:00:00', '0000-00-00 00:00:00', 1);

-- --------------------------------------------------------

--
-- Estructura de tabla para la tabla `direccion_cliente`
--

CREATE TABLE IF NOT EXISTS `direccion_cliente` (
  `id` int(10) unsigned NOT NULL,
  `cliente_id` int(10) unsigned NOT NULL,
  `pais_id` int(10) unsigned NOT NULL,
  `estado_id` int(10) unsigned NOT NULL,
  `municipio_id` int(10) unsigned NOT NULL,
  `telefono_cliente_id` int(10) unsigned NOT NULL,
  `calle1` varchar(255) COLLATE utf8_unicode_ci NOT NULL,
  `calle2` varchar(255) COLLATE utf8_unicode_ci NOT NULL,
  `colonia` varchar(255) COLLATE utf8_unicode_ci NOT NULL,
  `delegacion` varchar(255) COLLATE utf8_unicode_ci NOT NULL,
  `codigo_postal` varchar(10) COLLATE utf8_unicode_ci NOT NULL,
  `tipo` varchar(50) COLLATE utf8_unicode_ci NOT NULL,
  `estatus` tinyint(1) NOT NULL,
  `created_at` timestamp NOT NULL DEFAULT '0000-00-00 00:00:00',
  `updated_at` timestamp NOT NULL DEFAULT '0000-00-00 00:00:00'
) ENGINE=InnoDB AUTO_INCREMENT=383 DEFAULT CHARSET=utf8 COLLATE=utf8_unicode_ci;

--
-- Volcado de datos para la tabla `direccion_cliente`
--

INSERT INTO `direccion_cliente` (`id`, `cliente_id`, `pais_id`, `estado_id`, `municipio_id`, `telefono_cliente_id`, `calle1`, `calle2`, `colonia`, `delegacion`, `codigo_postal`, `tipo`, `estatus`, `created_at`, `updated_at`) VALUES
(224, 79, 1, 2, 15, 263, 'yutkj', 'tyjtyjtyj', 'tyjty', 'jtyjtyjt', '77654', 'Otro', 1, '2016-02-04 03:05:21', '2016-02-04 03:05:21'),
(225, 79, 1, 2, 15, 266, 'jhnghngh', 'nhgnghn', 'nghnghn', 'ghnghngh', '89898', 'Otro', 1, '2016-02-04 03:08:30', '2016-02-04 03:08:30'),
(226, 79, 1, 2, 16, 268, 'ioioioi', 'oioioioi', 'oioiooi', 'oioioioi', '77689', 'Otro', 1, '2016-02-04 03:09:46', '2016-02-04 03:09:46'),
(227, 80, 1, 3, 21, 269, 'yuuyuy', 'uyuuyuy', 'yuuyuuy', 'yuuyuyuy', '55678', 'Otro', 1, '2016-02-04 03:27:32', '2016-02-04 03:27:32'),
(229, 80, 1, 3, 20, 270, 'sassa', 'sasasa', 'sass', 'sasass', '33456', 'Otro', 1, '2016-02-04 03:32:50', '2016-02-04 03:32:50'),
(230, 80, 1, 2, 16, 269, 'ewewew', 'ewewew', 'ewewew', 'eewweew', '55555', 'Otro', 1, '2016-02-04 03:33:55', '2016-02-04 03:33:55'),
(231, 80, 1, 3, 20, 271, 'sddsdsds', 'dsdsdsds', 'sddsds', 'sddsd', '11232', 'Otro', 1, '2016-02-04 03:38:46', '2016-02-04 03:38:46'),
(232, 80, 1, 2, 16, 272, 'zzzzz', 'zzzz', 'zzzzz', 'zzzzz', '22334', 'Otro', 1, '2016-02-04 03:39:53', '2016-02-04 03:39:53'),
(233, 80, 1, 2, 16, 273, 'zzzzz', 'zzzz', 'zzzzz', 'zzzzz', '22334', 'Otro', 1, '2016-02-04 03:40:52', '2016-02-04 03:40:52'),
(234, 80, 1, 3, 21, 274, 'cccc', 'ccccc', 'cccc', 'ccccc', '44456', 'Otro', 1, '2016-02-04 03:42:38', '2016-02-04 03:42:38'),
(235, 80, 1, 2, 14, 271, 'ssss', 'ssss', 'ssss', 'sssss', '33456', 'Otro', 1, '2016-02-04 03:46:31', '2016-02-04 03:46:31'),
(236, 80, 1, 3, 20, 275, 'ssss', 'ssss', 'ssss', 'sssss', '33333', 'Otro', 1, '2016-02-04 03:49:00', '2016-02-04 03:49:00'),
(237, 80, 1, 2, 14, 276, 'nbnbnbnb', 'nbbnnbnb', 'nnbnbnb', 'nbnnbnb', '66789', 'Otro', 1, '2016-02-04 03:52:51', '2016-02-04 03:52:51'),
(238, 80, 1, 3, 20, 276, 'gfgfgf', 'gfggfgf', 'gfgfgg', 'gfgggffg', '55555', 'Otro', 1, '2016-02-04 03:53:51', '2016-02-04 03:53:51'),
(239, 80, 1, 4, 25, 277, 'hjjhjh', 'jhjjhjh', 'hjjhjjh', 'jhjhjhjh', '77777', 'Otro', 1, '2016-02-04 03:55:05', '2016-02-04 03:55:05'),
(240, 80, 1, 4, 26, 276, 'errere', 'rererre', 'errerere', 'errerere', '77890', 'Otro', 1, '2016-02-04 03:56:34', '2016-02-04 03:56:34'),
(244, 80, 1, 2, 13, 279, 'dffdfd', 'dffdfd', 'dffdf', 'fdfdfdfd', '33456', 'Fiscal', 1, '2016-02-04 04:03:40', '2016-02-04 04:03:40'),
(245, 80, 1, 4, 26, 269, 'assas', 'assasa', 'asassa', '22222', '21212', 'Otro', 1, '2016-02-04 07:31:51', '2016-02-04 07:31:51'),
(246, 80, 1, 2, 14, 279, 'wqwwq', 'wqwqwq', 'wqwwq', 'wqwqwqqw', '33333', 'Otro', 1, '2016-02-04 07:33:38', '2016-02-04 07:33:38'),
(247, 80, 1, 3, 21, 280, 'cvcv', 'ccvvc', 'vcvccvv', 'vccvvcv', '54545', 'Otro', 1, '2016-02-04 07:35:04', '2016-02-04 07:35:04'),
(248, 80, 1, 2, 14, 294, 'sdsdds', 'dsdsdsds', 'dsdsdsds', 'dsdsdssd', '33334', 'Otro', 1, '2016-02-04 10:07:35', '2016-02-04 10:07:35'),
(249, 80, 1, 3, 21, 295, 'hjhhjh', 'jjhjhjh', 'jhjhjjh', 'jjhjhjh', '55678', 'Otro', 1, '2016-02-04 10:11:03', '2016-02-04 10:11:03'),
(250, 80, 1, 3, 20, 296, 'ccccc', 'ccccc', 'cccc', 'ccccc', '22343', 'Otro', 1, '2016-02-04 10:12:14', '2016-02-04 10:12:14'),
(251, 80, 1, 2, 14, 297, 'kllklk', 'lklklkl', 'lklklklk', 'lklklklk', '66666', 'Otro', 1, '2016-02-04 10:13:24', '2016-02-04 10:13:24'),
(252, 80, 1, 2, 16, 298, 'cxcxcx', 'cxccxcx', 'cxcxcxcx', 'cxccxcx', '44444', 'Otro', 1, '2016-02-04 10:15:20', '2016-02-04 10:15:20'),
(253, 80, 1, 3, 21, 299, 'rttrtrtr', 'trtrtrtr', 'trtrtrtr', 'trtrttr', '44444', 'Otro', 1, '2016-02-04 10:18:48', '2016-02-04 10:18:48'),
(254, 80, 1, 3, 20, 300, 'aaaaa', 'aaaaa', 'aaaaa', 'aaaaaa', '32323', 'Otro', 1, '2016-02-04 10:34:09', '2016-02-04 10:34:09'),
(255, 80, 1, 4, 26, 301, 'llklklklk', 'lklkllkkl', 'lklkklkl', 'lkkllklk', '88980', 'Otro', 1, '2016-02-04 10:43:14', '2016-02-04 10:43:14'),
(256, 80, 1, 1, 4, 270, 'vbvbbv', 'bvbvbv', 'bvbbv', 'vbbvbv', '66667', 'Otro', 1, '2016-02-04 10:45:14', '2016-02-04 10:45:14'),
(257, 80, 1, 3, 19, 302, 'bnnbnbnb', 'nbnnbnb', 'nbnbnb', 'nbnbnb', '44444', 'Otro', 1, '2016-02-04 10:51:58', '2016-02-04 10:51:58'),
(258, 80, 1, 1, 3, 274, 'tyytyt', 'ytytty', 'tyytyt', 'tyyttyyt', '66667', 'Otro', 1, '2016-02-04 10:53:08', '2016-02-04 10:53:08'),
(259, 81, 1, 3, 18, 303, 'aaaaa', 'aaaaa', 'aaaaa', 'aaaa', '33456', 'Otro', 1, '2016-02-04 17:19:16', '2016-02-04 17:19:16'),
(260, 76, 1, 3, 19, 239, 'erreer', 'reererre', 'rerere', 'rereerer', '44567', 'Otro', 1, '2016-02-04 17:22:53', '2016-02-04 17:22:53'),
(261, 76, 1, 3, 19, 239, 'dfdffd', 'fddffdfd', 'dffdfdfd', 'dffdfdfddf', '33456', 'Otro', 1, '2016-02-04 17:24:21', '2016-02-04 17:24:21'),
(262, 76, 1, 2, 15, 304, 'mnmnmn', 'mmnmnmn', 'nmmnmn', 'mnmnnmnm', '66789', 'Otro', 1, '2016-02-04 17:35:54', '2016-02-04 17:35:54'),
(263, 76, 1, 1, 3, 304, 'jkjkkj', 'kjjkjkjk', 'kjjkjkjk', 'jkkjjkjkjk', '55678', 'Otro', 1, '2016-02-04 17:37:59', '2016-02-04 17:37:59'),
(264, 81, 1, 2, 14, 305, 'bbbb', 'bbbb', 'bbbb', 'bbbbb', '33456', 'Fiscal', 1, '2016-02-04 20:49:52', '2016-02-04 20:49:52'),
(265, 81, 1, 4, 23, 306, 'Ave.Zaragoza', 'Plaza de toros', 'Colonia xD', 'Delegacion xD', '65570', 'Otro', 1, '2016-02-04 22:51:33', '2016-02-04 22:51:33'),
(266, 81, 1, 4, 26, 307, 'Calle 1 ejemplo', 'Calle 2 ejemplo', 'Colonia ejemplo', 'Delegacion ejemplo', '66548', 'Otro', 1, '2016-02-05 00:37:55', '2016-02-05 00:37:55'),
(267, 81, 1, 3, 20, 308, 'Los cabos', 'La chorizera', 'La colonia XD', 'Delegacion XD', '55667', 'Otro', 1, '2016-02-05 04:56:32', '2016-02-05 04:56:32'),
(268, 81, 1, 4, 25, 309, 'ppppp', 'ppppp', 'ppppp', 'ppppp', '44567', 'Otro', 1, '2016-02-05 20:13:53', '2016-02-05 20:13:53'),
(269, 81, 1, 3, 21, 310, 'hhhh', 'hhhh', 'hhhh', 'hhhhh', '55678', 'Otro', 1, '2016-02-05 20:57:51', '2016-02-05 20:57:51'),
(270, 81, 1, 4, 25, 307, 'jjkkjkj', 'kjkjkjjk', 'kjkjkjkj', 'jkkjkjjk', '66666', 'Otro', 1, '2016-02-05 20:58:40', '2016-02-05 20:58:40'),
(271, 81, 1, 4, 25, 311, 'ooooo', 'ooooo', 'ooooo', 'ooooo', '77897', 'Otro', 1, '2016-02-06 00:53:48', '2016-02-06 00:53:48'),
(278, 81, 1, 2, 15, 311, 'bbnbnb', 'bnbnbnnb', 'nbnbnbnb', 'nbnbnbnb', '55678', 'Otro', 1, '2016-02-06 19:29:59', '2016-02-06 19:29:59'),
(279, 81, 1, 3, 21, 316, 'tyytyt', 'tyyytty', 'tyytytyt', 'tyytytyt', '66666', 'Otro', 1, '2016-02-06 19:31:36', '2016-02-06 19:31:36'),
(283, 82, 1, 3, 20, 318, 'ttyyty', 'tytytyy', 'tytyyt', 'tytytyyt', '55678', 'Otro', 1, '2016-02-08 17:40:31', '2016-02-08 17:40:31'),
(285, 82, 1, 3, 21, 319, 'qaqa', 'qaaq', 'qqaaq', 'qaqa', '11111', 'Otro', 1, '2016-02-08 17:44:20', '2016-02-08 17:44:20'),
(286, 82, 1, 4, 23, 320, 'cmccm', 'mcmmmc', 'mmcmcm', 'mccmcm', '77777', 'Otro', 1, '2016-02-08 17:49:05', '2016-02-08 17:49:05'),
(287, 82, 1, 2, 16, 321, 'zzzz', 'zzzz', 'zzzz', 'zzzzz', '21121', 'Otro', 1, '2016-02-08 17:50:20', '2016-02-08 17:50:20'),
(288, 82, 1, 3, 21, 322, 'fggfg', 'fggfg', 'gfgfgf', 'gfgfgfgf', '77778', 'Otro', 1, '2016-02-08 17:51:43', '2016-02-08 17:51:43'),
(289, 82, 1, 3, 20, 323, 'sasasa', 'sasssa', 'assasa', 'ssasas', '22222', 'Otro', 1, '2016-02-08 17:59:13', '2016-02-08 17:59:13'),
(290, 82, 1, 3, 20, 324, 'yuuyjnuy', 'ynujyunju', 'nyunj', 'nuyjuyjyu', '99900', 'Otro', 1, '2016-02-08 18:01:26', '2016-02-08 18:01:26'),
(291, 82, 1, 2, 16, 315, 'ewewew', 'wewewe', 'ewewe', 'weweew', '55555', 'Otro', 1, '2016-02-08 18:05:24', '2016-02-08 18:05:24'),
(293, 82, 1, 2, 15, 326, 'hjjhjh', 'jhjhjh', 'jhjhjh', 'jhjjhjh', '88889', 'Otro', 1, '2016-02-08 21:02:34', '2016-02-08 21:02:34'),
(295, 82, 1, 2, 14, 312, 'jkjkkj', 'jkkjkjjk', 'jkjkjk', 'kjkjkjkj', '66666', 'Otro', 1, '2016-02-08 22:28:09', '2016-02-08 22:28:09'),
(296, 82, 1, 3, 20, 327, 'ghhghg', 'ghhghg', 'hhggh', 'hgghhg', '77789', 'Otro', 1, '2016-02-08 22:30:04', '2016-02-08 22:30:04'),
(297, 82, 1, 1, 2, 327, 'gggg', 'ggggg', 'ggggg', 'ggggg', '55554', 'Otro', 1, '2016-02-09 17:31:52', '2016-02-09 17:31:52'),
(299, 82, 1, 2, 13, 328, 'hhhhh', 'hhhhh', 'hhhhh', 'hhhhh', '44454', 'Otro', 1, '2016-02-09 18:02:12', '2016-02-09 18:02:12'),
(300, 82, 1, 2, 14, 328, 'yuyuyuuyuy', 'yuyuyuyuyu', 'uyuyuyuy', 'uyuyyuuy', '66666', 'Otro', 1, '2016-02-09 18:03:36', '2016-02-09 18:03:36'),
(301, 82, 1, 3, 20, 326, 'xxxx', 'xxxx', 'xxxxx', 'xxxxx', '22345', 'Otro', 1, '2016-02-09 18:06:31', '2016-02-09 18:06:31'),
(302, 82, 1, 3, 20, 313, 'zzzzz', 'zzzzzz', 'zzzzz', 'zzzzz', '33333', 'Otro', 1, '2016-02-09 18:07:30', '2016-02-09 18:07:30'),
(303, 82, 1, 1, 2, 329, 'lllll', 'lllll', 'llll', 'lllll', '77777', 'Otro', 1, '2016-02-09 18:08:26', '2016-02-09 18:08:26'),
(304, 82, 1, 2, 13, 330, 'kkkkk', 'kkkkk', 'kkkkk', 'kkkk', '78878', 'Otro', 1, '2016-02-09 18:09:25', '2016-02-09 18:09:25'),
(305, 82, 1, 1, 2, 330, 'iooioiio', 'oioiooi', 'iooioioi', 'iooiooi', '99999', 'Otro', 1, '2016-02-09 18:10:21', '2016-02-09 18:10:21'),
(306, 82, 1, 1, 2, 330, 'uiiuiu', 'iuiuiuiu', 'iuiuiuiu', 'iuiuiuiu', '89984', 'Otro', 1, '2016-02-09 18:11:08', '2016-02-09 18:11:08'),
(307, 82, 1, 2, 14, 331, 'ioioio', 'oiiooiio', 'oiioio', 'oioioiio', '87877', 'Otro', 1, '2016-02-09 18:12:16', '2016-02-09 18:12:16'),
(308, 82, 1, 1, 2, 332, 'lolool', 'ollool', 'loool', 'ololol', '89898', 'Otro', 1, '2016-02-09 18:13:30', '2016-02-09 18:13:30'),
(309, 82, 1, 2, 14, 332, 'kjkjjk', 'kjkjkjkj', 'kjkjkjkj', 'kjkjkkj', '66554', 'Otro', 1, '2016-02-09 18:15:28', '2016-02-09 18:15:28'),
(310, 82, 1, 2, 14, 332, 'lmmu', 'mlmllm', 'mmllm', 'lmll', '99087', 'Otro', 1, '2016-02-09 18:16:38', '2016-02-09 18:16:38'),
(314, 83, 1, 3, 20, 335, 'dssdds', 'dsdds', 'dsdsd', 'dsddsds', '33456', 'Fiscal', 1, '2016-02-10 00:43:47', '2016-02-10 00:43:47'),
(315, 83, 1, 3, 21, 335, 'xxxx', 'xxxx', 'xxxx', 'xxxxx', '33456', 'Otro', 1, '2016-02-10 00:51:11', '2016-02-10 00:51:11'),
(316, 83, 1, 2, 14, 336, 'zzzz', 'zzzz', 'zzzz', 'zzzz', '33456', 'Otro', 1, '2016-02-10 00:52:36', '2016-02-10 00:52:36'),
(325, 85, 1, 2, 15, 341, 'fgfgg', 'gfgfgf', 'fggfgf', 'gfgfggfg', '33456', 'Otro', 1, '2016-02-10 03:45:16', '2016-02-10 03:45:16'),
(326, 84, 1, 4, 23, 340, 'ghhhhhh', 'ghhhhhhhh', 'rfrrffr', 'frrrfrfr', '55678', 'Otro', 0, '2016-02-10 04:20:58', '2016-02-16 09:07:04'),
(327, 85, 1, 2, 14, 341, 'zzzzz', 'zzzz', 'zzzzz', 'zzzzz', '22345', 'Fiscal', 1, '2016-02-10 05:18:53', '2016-02-10 05:18:53'),
(328, 85, 1, 3, 21, 341, 'ffff', 'fffff', 'fffff', 'fffff', '44567', 'Otro', 1, '2016-02-10 05:20:45', '2016-02-10 05:20:45'),
(329, 85, 1, 1, 1, 342, 'vvvv', 'vvvv', 'vvvv', 'vvvv', '44543', 'Otro', 1, '2016-02-10 05:21:43', '2016-02-10 05:21:43'),
(330, 85, 1, 4, 22, 343, 'oooo', 'oooo', 'oooo', 'oooo', '66789', 'Otro', 1, '2016-02-10 05:22:42', '2016-02-10 05:22:42'),
(331, 85, 1, 3, 21, 341, 'dssdds', 'sddsds', 'sddsds', 'sddsds', '33333', 'Otro', 1, '2016-02-10 05:24:03', '2016-02-10 05:24:03'),
(336, 84, 1, 2, 14, 340, 'dsdsdsds', 'dssddsds', 'dsdsdsds', 'sddsdsds', '44567', 'Otro', 0, '2016-02-12 20:03:53', '2016-02-16 09:07:13'),
(337, 84, 1, 1, 3, 340, 'gfgfgffg', 'gfgfgf', 'gfgfgfgf', 'gfgfgfgf', '44567', 'Otro', 1, '2016-02-12 20:05:54', '2016-02-12 20:05:54'),
(338, 84, 1, 1, 2, 345, 'uuuuu', 'uuuuu', 'uuuuuu', 'uuuuuu', '99999', 'Otro', 1, '2016-02-12 20:17:15', '2016-02-12 20:17:15'),
(339, 84, 1, 2, 13, 345, 'fgfggf', 'fggfgf', 'fggfgf', 'fggfgf', '77777', 'Otro', 1, '2016-02-12 20:22:19', '2016-02-12 20:22:19'),
(340, 84, 1, 1, 2, 340, 'vvvvv', 'vvvv', 'vvvv', 'vvvv', '55678', 'Otro', 1, '2016-02-12 20:44:18', '2016-02-12 20:44:18'),
(341, 84, 1, 2, 13, 346, 'uuuuu', 'uuuuu', 'uuuu', 'uuuuu', '99999', 'Otro', 1, '2016-02-12 20:50:38', '2016-02-12 20:50:38'),
(342, 28, 1, 2, 13, 347, 'kkkk', 'kkkk', 'kkkk', 'kkkk', '77896', 'Otro', 1, '2016-02-13 21:31:21', '2016-02-13 21:31:21'),
(343, 28, 1, 3, 19, 348, 'hhhh', 'hhhhh', 'hhhhh', 'hhhh', '33333', 'Fiscal', 1, '2016-02-13 21:33:15', '2016-02-13 21:33:15'),
(354, 87, 1, 4, 29, 354, 'zzzz', 'zzzz', 'zzzz', 'zzzzz', '66655', 'Otro', 1, '2016-02-14 16:49:48', '2016-02-14 17:32:36'),
(355, 84, 1, 2, 14, 355, 'Calle1', 'Calle2', 'Colonia', 'Delegacion', '66579', 'Fiscal', 1, '2016-02-14 20:34:42', '2016-02-14 20:34:42'),
(356, 84, 1, 2, 14, 356, 'XDXD', 'XDXD', 'XDXD', 'XDXD', '55467', 'Otro', 0, '2016-02-14 21:03:09', '2016-02-16 09:07:27'),
(357, 88, 1, 2, 14, 357, 'ssss', 'ssss', 'ssss', 'ssss', '33345', 'Otro', 0, '2016-02-14 22:29:53', '2016-02-15 00:13:25'),
(358, 88, 1, 2, 14, 358, 'ffff', 'ffff', 'fffff', 'ffffff', '33456', 'Otro', 0, '2016-02-14 22:31:51', '2016-02-15 00:13:28'),
(359, 88, 1, 3, 21, 359, 'tttt', 'tttt', 'ttttt', 'tttt', '55678', 'Fiscal', 0, '2016-02-14 22:33:42', '2016-02-15 00:12:17'),
(360, 88, 1, 2, 16, 358, 'dsdsds', 'dsdsdsds', 'dsdsdss', 'sddsdds', '44567', 'Otro', 0, '2016-02-14 22:35:08', '2016-02-15 00:13:48'),
(361, 88, 1, 3, 19, 357, 'fffff', 'fffff', 'fffff', 'fffff', '55678', 'Otro', 0, '2016-02-14 22:37:13', '2016-02-15 00:11:50'),
(362, 88, 1, 2, 13, 358, 'dssdsd', 'dsdsds', 'dsdds', 'sddsds', '22221', 'Otro', 0, '2016-02-14 22:59:28', '2016-02-15 00:11:59'),
(363, 88, 1, 2, 14, 360, 'fgfggfgffg', 'Calle 2 inactiva', 'Colonia inactiva', 'Delegación inactiva', '88888', 'Otro', 1, '2016-02-15 00:00:50', '2016-02-17 11:23:30'),
(364, 31, 1, 3, 21, 361, 'XDXD', 'XDXD', 'XDXD', 'XDXD', '77777', 'Otro', 1, '2016-02-15 04:16:20', '2016-02-15 04:16:20'),
(365, 84, 1, 2, 15, 362, 'xxxx', 'xxxx', 'xxxxx', 'xxxx', '33333', 'Otro', 0, '2016-02-15 07:53:19', '2016-02-16 09:07:21'),
(366, 84, 1, 2, 14, 349, 'fgfggfg', 'gfgfggf', 'gfgfgfgf', 'gfgfgfgfgf', '44554', 'Otro', 1, '2016-02-16 09:02:59', '2016-02-16 09:02:59'),
(367, 84, 1, 4, 26, 363, 'ytyjjyty', 'jjtyjtyj', 'jtyjtyjty', 'tyjtyjtyj', '77777', 'Otro', 1, '2016-02-16 09:04:15', '2016-02-16 09:04:15'),
(368, 88, 1, 2, 15, 360, 'ghhghggh', 'ghhghghg', 'ghhghggh', 'hghghghh', '77777', 'Otro', 1, '2016-02-17 11:24:46', '2016-02-17 11:24:46'),
(369, 88, 1, 3, 20, 364, 'rthhrthtrtrh', 'trhtrhhtr', 'trhtrhthrhtr', 'thrhtrtrthr', '44444', 'Otro', 1, '2016-02-17 11:26:34', '2016-02-17 11:26:34'),
(370, 90, 1, 2, 16, 365, 'gfgfgfgf', 'gfgfgffg', 'fggfgfgf', 'gfgfgfgf', '56545', 'Otro', 1, '2016-02-17 11:29:48', '2016-02-17 11:29:48'),
(371, 90, 1, 2, 15, 365, 'grgbfgbf', 'fgbbfgbfg', 'fggfbgffg', 'gfgfbbbgf', '55454', 'Otro', 1, '2016-02-17 11:32:08', '2016-02-17 11:32:08'),
(372, 90, 1, 1, 3, 366, 'rgtegergre', 'regrgergegre', 'regegregrreg', 'erggrgreerg', '56565', 'Fiscal', 1, '2016-02-17 11:48:05', '2016-02-17 11:48:05'),
(373, 90, 1, 2, 15, 366, 'gfgfgfgf', 'ggffggf', 'fdfvdvfdf', 'fdfdvfdv', '45545', 'Otro', 1, '2016-02-17 11:49:32', '2016-02-17 11:49:32'),
(374, 90, 1, 3, 21, 365, 'trgtrggrte', 'ergreegr', 'erggregre', 'regrgeegr', '56544', 'Otro', 1, '2016-02-17 11:51:27', '2016-02-17 11:51:27'),
(375, 92, 1, 2, 14, 367, 'Calle 1', 'Calle 2', 'Colonia XD', 'Delegacion XD', '65570', 'Fiscal', 1, '2016-02-20 20:01:06', '2016-02-20 20:01:06'),
(376, 92, 1, 1, 4, 367, 'hggf', 'hgfhghgf', 'hgfhfhfg', 'hgfhgf', '54454', 'Otro', 1, '2016-02-21 04:59:13', '2016-02-21 04:59:13'),
(377, 92, 1, 2, 13, 368, 'regregrge', 'regregreg', 'egrgrer', 'erger', '54453', 'Otro', 1, '2016-02-21 05:26:52', '2016-02-21 05:26:52'),
(378, 84, 1, 2, 13, 369, 'gffggfg', 'fgfggfgf', 'gfgfgfgf', 'gfgfgfgf', '45433', 'Otro', 1, '2016-02-21 19:12:41', '2016-02-21 19:12:41'),
(379, 84, 1, 2, 15, 370, 'errerere', 'rererere', 'rerereer', 'rererrere', '66678', 'Otro', 1, '2016-02-21 20:22:13', '2016-02-21 20:22:13'),
(380, 84, 1, 3, 20, 337, 'erererer', 'erererre', 'errereer', 'rereerer', '66666', 'Otro', 1, '2016-02-21 20:24:13', '2016-02-21 20:24:13'),
(381, 84, 1, 2, 16, 371, 'dffdfd', 'dffdfdfd', 'fdfdfdfd', 'fdfdfd', '44533', 'Otro', 1, '2016-02-22 18:21:09', '2016-02-22 18:21:09'),
(382, 84, 1, 1, 3, 337, 'hjjhhjjh', 'jhhjjh', 'jhjhjhjh', 'jhjhjhjhj', '77667', 'Otro', 1, '2016-02-22 18:24:56', '2016-02-22 18:24:56');

-- --------------------------------------------------------

--
-- Estructura de tabla para la tabla `direccion_proveedor`
--

CREATE TABLE IF NOT EXISTS `direccion_proveedor` (
  `id` int(10) unsigned NOT NULL,
  `proveedor_id` int(10) unsigned NOT NULL,
  `pais_id` int(10) unsigned NOT NULL,
  `estado_id` int(10) unsigned NOT NULL,
  `municipio_id` int(10) unsigned NOT NULL,
  `telefono_proveedor` int(11) NOT NULL,
  `calle1` varchar(255) COLLATE utf8_unicode_ci NOT NULL,
  `calle2` varchar(255) COLLATE utf8_unicode_ci NOT NULL,
  `colonia` varchar(255) COLLATE utf8_unicode_ci NOT NULL,
  `delegacion` varchar(255) COLLATE utf8_unicode_ci NOT NULL,
  `codigo_postal` varchar(10) COLLATE utf8_unicode_ci NOT NULL,
  `tipo` varchar(50) COLLATE utf8_unicode_ci NOT NULL,
  `estatus` tinyint(1) NOT NULL,
  `created_at` timestamp NOT NULL DEFAULT '0000-00-00 00:00:00',
  `updated_at` timestamp NOT NULL DEFAULT '0000-00-00 00:00:00'
) ENGINE=InnoDB DEFAULT CHARSET=utf8 COLLATE=utf8_unicode_ci;

-- --------------------------------------------------------

--
-- Estructura de tabla para la tabla `entrada`
--

CREATE TABLE IF NOT EXISTS `entrada` (
  `id` int(10) unsigned NOT NULL,
  `proveedor_id` int(10) unsigned NOT NULL,
  `created_at` timestamp NOT NULL DEFAULT '0000-00-00 00:00:00',
  `fecha_entrada` varchar(30) COLLATE utf8_unicode_ci NOT NULL DEFAULT '0000-00-00',
  `factura` varchar(255) COLLATE utf8_unicode_ci NOT NULL,
  `fecha_factura` varchar(30) COLLATE utf8_unicode_ci NOT NULL DEFAULT '0000-00-00',
  `observaciones` text COLLATE utf8_unicode_ci NOT NULL,
  `estatus` tinyint(1) NOT NULL,
  `updated_at` timestamp NOT NULL DEFAULT '0000-00-00 00:00:00'
) ENGINE=InnoDB AUTO_INCREMENT=36 DEFAULT CHARSET=utf8 COLLATE=utf8_unicode_ci;

--
-- Volcado de datos para la tabla `entrada`
--

INSERT INTO `entrada` (`id`, `proveedor_id`, `created_at`, `fecha_entrada`, `factura`, `fecha_factura`, `observaciones`, `estatus`, `updated_at`) VALUES
(1, 2, '2016-02-17 09:17:48', '0000-00-00', 'xxxxxxxx', '0000-00-00', 'Observaciones', 1, '2016-02-17 09:17:48'),
(2, 1, '2016-02-17 09:25:44', '0000-00-00', 'aaaaaaaa', '0000-00-00', 'Observaciones XD', 1, '2016-02-17 09:25:44'),
(3, 1, '2016-02-17 09:40:09', '0000-00-00', 'fffffff', '0000-00-00', 'Comentarios', 1, '2016-02-17 09:40:09'),
(4, 3, '2016-02-17 09:57:56', '0000-00-00', 'xxxxxx', '0000-00-00', 'Observaciones de ejemplo...', 1, '2016-02-17 09:57:56'),
(5, 1, '2016-02-17 09:58:33', '0000-00-00', 'xxxxxx', '0000-00-00', '', 1, '2016-02-17 09:58:33'),
(6, 4, '2016-02-17 10:03:13', '02/17/2016', 'ffffffff', '02/17/2016', '', 1, '2016-02-17 10:03:13'),
(7, 3, '2016-02-17 10:18:09', '02/17/2016', 'wwwwww', '02/17/2016', '', 1, '2016-02-17 10:18:09'),
(8, 3, '2016-02-17 10:21:15', '02/17/2016', 'tttttttt', '02/17/2016', ':p', 1, '2016-02-17 10:21:15'),
(9, 4, '2016-02-17 10:22:55', '02/17/2016', 'yyyyyy', '02/17/2016', '', 1, '2016-02-17 10:22:55'),
(10, 4, '2016-02-17 10:27:17', '02/17/2016', 'uuuuuuu', '02/17/2016', '', 1, '2016-02-17 10:27:17'),
(11, 3, '2016-02-17 10:28:46', '02/17/2016', 'jjjjjj', '02/17/2016', '', 1, '2016-02-17 10:28:46'),
(12, 4, '2016-02-17 10:29:28', '02/17/2016', 'ooooooo', '02/17/2016', '', 1, '2016-02-17 10:29:28'),
(13, 4, '2016-02-17 10:30:16', '02/17/2016', 'oooooooooo', '02/17/2016', '', 1, '2016-02-17 10:30:16'),
(14, 4, '2016-02-17 10:31:19', '02/17/2016', 'hhhhh', '02/17/2016', '', 1, '2016-02-17 10:31:19'),
(15, 1, '2016-02-17 10:34:03', '02/17/2016', 'llllll', '02/17/2016', '', 1, '2016-02-17 10:34:03'),
(16, 2, '2016-02-17 10:37:50', '02/17/2016', 'jjjjj', '02/17/2016', '', 1, '2016-02-17 10:37:50'),
(17, 3, '2016-02-17 10:38:46', '02/17/2016', 'hhhhhh', '02/17/2016', '', 1, '2016-02-17 10:38:46'),
(18, 4, '2016-02-17 10:39:50', '02/17/2016', 'jhjhhjjhhj', '02/17/2016', '', 1, '2016-02-17 10:39:50'),
(19, 4, '2016-02-17 10:40:46', '02/17/2016', 'klklkllklk', '02/17/2016', '', 1, '2016-02-17 10:40:46'),
(20, 4, '2016-02-17 10:41:23', '02/17/2016', 'yujyttjytjy', '02/17/2016', '', 1, '2016-02-17 10:41:23'),
(21, 1, '2016-02-17 10:42:23', '02/17/2016', 'uiiuiuiuiu', '02/17/2016', '', 1, '2016-02-17 10:42:23'),
(22, 4, '2016-02-17 10:44:39', '02/17/2016', 'yuyuyuyuuy', '02/17/2016', '', 1, '2016-02-17 10:44:39'),
(23, 4, '2016-02-17 10:48:45', '02/17/2016', 'iooiioioio', '02/17/2016', 'XDDDD', 1, '2016-02-17 10:48:45'),
(24, 3, '2016-02-17 10:54:57', '02/17/2016', 'kjkjkjkjkj', '02/17/2016', 'thrfbhgfbfbgb', 1, '2016-02-17 10:54:57'),
(25, 0, '2016-02-17 10:58:03', '02/17/2016', 'rthtrhthrhtrhtrhtrhtr', '02/17/2016', '', 1, '2016-02-17 10:58:03'),
(26, 0, '2016-02-17 10:58:04', '02/17/2016', 'rthtrhthrhtrhtrhtrhtr', '02/17/2016', '', 1, '2016-02-17 10:58:04'),
(27, 0, '2016-02-17 10:58:05', '02/17/2016', 'rthtrhthrhtrhtrhtrhtr', '02/17/2016', '', 1, '2016-02-17 10:58:05'),
(28, 0, '2016-02-17 10:59:15', '02/17/2016', 'jkkjjkkj', '02/17/2016', '', 1, '2016-02-17 10:59:15'),
(29, 0, '2016-02-17 11:10:00', '02/17/2016', 'vfdvfdvfd', '02/17/2016', '', 1, '2016-02-17 11:10:00'),
(30, 1, '2016-02-17 11:16:29', '02/17/2016', 'mnnmmnmnmn', '02/17/2016', 'rererereer', 1, '2016-02-17 11:16:29'),
(31, 2, '2016-02-17 11:58:40', '02/17/2016', 'mmmmmm', '02/17/2016', '', 1, '2016-02-17 11:58:40'),
(32, 4, '2016-02-17 12:01:48', '02/10/2016', 'iuiuiuiuiu', '02/17/2016', 'ghghghghgh', 1, '2016-02-17 12:01:48'),
(33, 2, '2016-02-17 12:03:20', '02/17/2016', 'yujytjyt', '02/17/2016', 'ergergergre', 1, '2016-02-17 12:03:20'),
(34, 4, '2016-02-17 15:58:46', '02/17/2016', 'xzxzzxzxxzxz', '02/17/2016', 'XD', 1, '2016-02-17 15:58:46'),
(35, 2, '2016-02-17 16:01:33', '02/17/2016', 'eececeeec', '02/17/2016', '', 1, '2016-02-17 16:01:33');

-- --------------------------------------------------------

--
-- Estructura de tabla para la tabla `entrada_detalle`
--

CREATE TABLE IF NOT EXISTS `entrada_detalle` (
  `id` int(10) unsigned NOT NULL,
  `producto_id` int(10) unsigned NOT NULL,
  `entrada_id` int(10) unsigned NOT NULL,
  `cantidad` double NOT NULL,
  `precio_compra` varchar(255) COLLATE utf8_unicode_ci NOT NULL,
  `created_at` timestamp NOT NULL DEFAULT '0000-00-00 00:00:00',
  `updated_at` timestamp NOT NULL DEFAULT '0000-00-00 00:00:00'
) ENGINE=InnoDB AUTO_INCREMENT=45 DEFAULT CHARSET=utf8 COLLATE=utf8_unicode_ci;

--
-- Volcado de datos para la tabla `entrada_detalle`
--

INSERT INTO `entrada_detalle` (`id`, `producto_id`, `entrada_id`, `cantidad`, `precio_compra`, `created_at`, `updated_at`) VALUES
(1, 0, 2, 13, '$150.00', '2016-02-17 09:25:44', '2016-02-17 09:25:44'),
(2, 9, 3, 10, '$150.00', '2016-02-17 09:40:09', '2016-02-17 09:40:09'),
(3, 6, 3, 35, '$90.00', '2016-02-17 09:40:09', '2016-02-17 09:40:09'),
(4, 3, 3, 56, '$79.00', '2016-02-17 09:40:09', '2016-02-17 09:40:09'),
(5, 4, 4, 19, '$120.00', '2016-02-17 09:57:56', '2016-02-17 09:57:56'),
(6, 9, 4, 27, '$150.00', '2016-02-17 09:57:56', '2016-02-17 09:57:56'),
(7, 8, 5, 15, '$108.00', '2016-02-17 09:58:33', '2016-02-17 09:58:33'),
(8, 6, 6, 36, '$90.00', '2016-02-17 10:03:13', '2016-02-17 10:03:13'),
(9, 5, 6, 27, '$50.00', '2016-02-17 10:03:14', '2016-02-17 10:03:14'),
(10, 9, 7, 15, '$150.00', '2016-02-17 10:18:09', '2016-02-17 10:18:09'),
(11, 9, 8, 20, '$150.00', '2016-02-17 10:21:15', '2016-02-17 10:21:15'),
(12, 8, 9, 26, '$108.00', '2016-02-17 10:22:56', '2016-02-17 10:22:56'),
(13, 9, 10, 9, '$150.00', '2016-02-17 10:27:17', '2016-02-17 10:27:17'),
(14, 1, 11, 10, '$30.00', '2016-02-17 10:28:46', '2016-02-17 10:28:46'),
(15, 3, 12, 11, '$79.00', '2016-02-17 10:29:28', '2016-02-17 10:29:28'),
(16, 2, 13, 12, '$40.00', '2016-02-17 10:30:16', '2016-02-17 10:30:16'),
(17, 8, 14, 22, '$108.00', '2016-02-17 10:31:19', '2016-02-17 10:31:19'),
(18, 6, 15, 12, '$90.00', '2016-02-17 10:34:03', '2016-02-17 10:34:03'),
(19, 3, 16, 22, '$79.00', '2016-02-17 10:37:50', '2016-02-17 10:37:50'),
(20, 2, 17, 10, '$40.00', '2016-02-17 10:38:46', '2016-02-17 10:38:46'),
(21, 2, 18, 10, '$40.00', '2016-02-17 10:39:50', '2016-02-17 10:39:50'),
(22, 3, 19, 8, '$79.00', '2016-02-17 10:40:46', '2016-02-17 10:40:46'),
(23, 4, 20, 11, '$120.00', '2016-02-17 10:41:23', '2016-02-17 10:41:23'),
(24, 5, 21, 26, '$50.00', '2016-02-17 10:42:23', '2016-02-17 10:42:23'),
(25, 9, 22, 20, '$150.00', '2016-02-17 10:44:39', '2016-02-17 10:44:39'),
(26, 6, 23, 12, '$90.00', '2016-02-17 10:48:45', '2016-02-17 10:48:45'),
(27, 4, 24, 11, '$120.00', '2016-02-17 10:54:57', '2016-02-17 10:54:57'),
(28, 8, 25, 10, '$108.00', '2016-02-17 10:58:03', '2016-02-17 10:58:03'),
(29, 8, 26, 10, '$108.00', '2016-02-17 10:58:04', '2016-02-17 10:58:04'),
(30, 8, 27, 10, '$108.00', '2016-02-17 10:58:05', '2016-02-17 10:58:05'),
(31, 9, 28, 7, '$150.00', '2016-02-17 10:59:15', '2016-02-17 10:59:15'),
(32, 1, 29, 9, '$30.00', '2016-02-17 11:10:00', '2016-02-17 11:10:00'),
(33, 9, 30, 100, '$150.00', '2016-02-17 11:16:29', '2016-02-17 11:16:29'),
(34, 8, 30, 100, '$108.00', '2016-02-17 11:16:29', '2016-02-17 11:16:29'),
(35, 6, 30, 100, '$90.00', '2016-02-17 11:16:29', '2016-02-17 11:16:29'),
(36, 2, 31, 8, '$40.00', '2016-02-17 11:58:40', '2016-02-17 11:58:40'),
(37, 9, 31, 26, '$150.00', '2016-02-17 11:58:41', '2016-02-17 11:58:41'),
(38, 6, 31, 21, '$90.00', '2016-02-17 11:58:41', '2016-02-17 11:58:41'),
(39, 6, 32, 8, '$90.00', '2016-02-17 12:01:48', '2016-02-17 12:01:48'),
(40, 3, 32, 10, '$79.00', '2016-02-17 12:01:48', '2016-02-17 12:01:48'),
(41, 4, 33, 4, '$120.00', '2016-02-17 12:03:20', '2016-02-17 12:03:20'),
(42, 6, 34, 30, '$90.00', '2016-02-17 15:58:47', '2016-02-17 15:58:47'),
(43, 8, 35, 96, '$108.00', '2016-02-17 16:01:33', '2016-02-17 16:01:33'),
(44, 6, 35, 36, '$90.00', '2016-02-17 16:01:34', '2016-02-17 16:01:34');

--
-- Disparadores `entrada_detalle`
--
DELIMITER $$
CREATE TRIGGER `tr_ed_after_insert` AFTER INSERT ON `entrada_detalle`
 FOR EACH ROW SET @contProd = (SELECT count(producto_id) from inventario WHERE producto_id = NEW.producto_id)
$$
DELIMITER ;

-- --------------------------------------------------------

--
-- Estructura de tabla para la tabla `estado`
--

CREATE TABLE IF NOT EXISTS `estado` (
  `id` int(10) unsigned NOT NULL,
  `pais_id` int(10) unsigned NOT NULL,
  `estados` varchar(255) COLLATE utf8_unicode_ci NOT NULL,
  `estatus` tinyint(1) NOT NULL,
  `created_at` timestamp NOT NULL DEFAULT '0000-00-00 00:00:00',
  `updated_at` timestamp NOT NULL DEFAULT '0000-00-00 00:00:00'
) ENGINE=InnoDB AUTO_INCREMENT=33 DEFAULT CHARSET=utf8 COLLATE=utf8_unicode_ci;

--
-- Volcado de datos para la tabla `estado`
--

INSERT INTO `estado` (`id`, `pais_id`, `estados`, `estatus`, `created_at`, `updated_at`) VALUES
(1, 1, 'Aguascalientes', 1, '2015-12-29 06:00:00', '0000-00-00 00:00:00'),
(2, 1, 'Baja California', 1, '2015-12-29 06:00:00', '0000-00-00 00:00:00'),
(3, 1, 'Baja California Sur', 1, '2015-12-29 06:00:00', '0000-00-00 00:00:00'),
(4, 1, 'Campeche', 1, '2015-12-29 06:00:00', '0000-00-00 00:00:00'),
(5, 1, 'Coahuila de Zaragoza', 1, '2015-12-29 06:00:00', '0000-00-00 00:00:00'),
(6, 1, 'Colima', 1, '2015-12-29 06:00:00', '0000-00-00 00:00:00'),
(7, 1, 'Chiapas', 1, '2015-12-29 06:00:00', '0000-00-00 00:00:00'),
(8, 1, 'Chihuahua', 1, '2015-12-29 06:00:00', '0000-00-00 00:00:00'),
(9, 1, 'Distrito Federal', 1, '2015-12-29 06:00:00', '0000-00-00 00:00:00'),
(10, 1, 'Durango', 1, '2015-12-29 06:00:00', '0000-00-00 00:00:00'),
(11, 1, 'Guanajuato', 1, '2015-12-29 06:00:00', '0000-00-00 00:00:00'),
(12, 1, 'Guerrero', 1, '2015-12-29 06:00:00', '0000-00-00 00:00:00'),
(13, 1, 'Hidalgo', 1, '2015-12-29 06:00:00', '0000-00-00 00:00:00'),
(14, 1, 'Jalisco', 1, '2015-12-29 06:00:00', '0000-00-00 00:00:00'),
(15, 1, 'México', 1, '2015-12-29 06:00:00', '0000-00-00 00:00:00'),
(16, 1, 'Michoacán de Ocampo', 1, '2015-12-29 06:00:00', '0000-00-00 00:00:00'),
(17, 1, 'Morelos', 1, '2015-12-29 06:00:00', '0000-00-00 00:00:00'),
(18, 1, 'Nayarit', 1, '2015-12-29 06:00:00', '0000-00-00 00:00:00'),
(19, 1, 'Nuevo León', 1, '2015-12-29 06:00:00', '0000-00-00 00:00:00'),
(20, 1, 'Oaxaca', 1, '2015-12-29 06:00:00', '0000-00-00 00:00:00'),
(21, 1, 'Puebla', 1, '2015-12-29 06:00:00', '0000-00-00 00:00:00'),
(22, 1, 'Querétaro', 1, '2015-12-29 06:00:00', '0000-00-00 00:00:00'),
(23, 1, 'Quintana Roo', 1, '2015-12-29 06:00:00', '0000-00-00 00:00:00'),
(24, 1, 'San Luis Potosí', 1, '2015-12-29 06:00:00', '0000-00-00 00:00:00'),
(25, 1, 'Sinaloa', 1, '2015-12-29 06:00:00', '0000-00-00 00:00:00'),
(26, 1, 'Sonora', 1, '2015-12-29 06:00:00', '0000-00-00 00:00:00'),
(27, 1, 'Tabasco', 1, '2015-12-29 06:00:00', '0000-00-00 00:00:00'),
(28, 1, 'Tamaulipas', 1, '2015-12-29 06:00:00', '0000-00-00 00:00:00'),
(29, 1, 'Tlaxcala', 1, '2015-12-29 06:00:00', '0000-00-00 00:00:00'),
(30, 1, 'Veracruz de Ignacio de la Llave', 1, '2015-12-29 06:00:00', '0000-00-00 00:00:00'),
(31, 1, 'Yucatán', 1, '2015-12-29 06:00:00', '0000-00-00 00:00:00'),
(32, 1, 'Zacatecas', 1, '2015-12-29 06:00:00', '0000-00-00 00:00:00');

-- --------------------------------------------------------

--
-- Estructura de tabla para la tabla `familia`
--

CREATE TABLE IF NOT EXISTS `familia` (
  `id` int(10) unsigned NOT NULL,
  `descuento_id` int(10) unsigned NOT NULL,
  `descripcion` varchar(200) COLLATE utf8_unicode_ci NOT NULL,
  `factor_descuento` double(11,2) NOT NULL,
  `estatus` tinyint(1) NOT NULL,
  `created_at` timestamp NOT NULL DEFAULT '0000-00-00 00:00:00',
  `updated_at` timestamp NOT NULL DEFAULT '0000-00-00 00:00:00'
) ENGINE=InnoDB AUTO_INCREMENT=4 DEFAULT CHARSET=utf8 COLLATE=utf8_unicode_ci;

--
-- Volcado de datos para la tabla `familia`
--

INSERT INTO `familia` (`id`, `descuento_id`, `descripcion`, `factor_descuento`, `estatus`, `created_at`, `updated_at`) VALUES
(1, 1, 'Esschert Holanda', 0.30, 1, '2015-11-30 06:00:00', '0000-00-00 00:00:00'),
(2, 1, 'Familia 2', 0.50, 1, '2016-02-13 06:00:00', '0000-00-00 00:00:00'),
(3, 1, 'Familia 3', 0.15, 1, '2016-02-13 06:00:00', '0000-00-00 00:00:00');

-- --------------------------------------------------------

--
-- Estructura de tabla para la tabla `forma_pago`
--

CREATE TABLE IF NOT EXISTS `forma_pago` (
  `id` int(10) unsigned NOT NULL,
  `descripcion` varchar(50) COLLATE utf8_unicode_ci NOT NULL
) ENGINE=InnoDB AUTO_INCREMENT=5 DEFAULT CHARSET=utf8 COLLATE=utf8_unicode_ci;

--
-- Volcado de datos para la tabla `forma_pago`
--

INSERT INTO `forma_pago` (`id`, `descripcion`) VALUES
(1, 'Tarjeta de crédito'),
(2, 'Tarjeta de debito'),
(3, 'Efectivo'),
(4, 'Transferencia');

-- --------------------------------------------------------

--
-- Estructura de tabla para la tabla `importador`
--

CREATE TABLE IF NOT EXISTS `importador` (
  `id` int(10) unsigned NOT NULL,
  `nombre` varchar(255) COLLATE utf8_unicode_ci NOT NULL,
  `created_at` timestamp NOT NULL DEFAULT '0000-00-00 00:00:00',
  `updated_at` timestamp NOT NULL DEFAULT '0000-00-00 00:00:00'
) ENGINE=InnoDB AUTO_INCREMENT=3 DEFAULT CHARSET=utf8 COLLATE=utf8_unicode_ci;

--
-- Volcado de datos para la tabla `importador`
--

INSERT INTO `importador` (`id`, `nombre`, `created_at`, `updated_at`) VALUES
(1, 'Imorador 1', '2015-11-30 06:00:00', '0000-00-00 00:00:00'),
(2, 'Segundo Importador', '2015-11-23 06:00:00', '0000-00-00 00:00:00');

-- --------------------------------------------------------

--
-- Estructura de tabla para la tabla `inventario`
--

CREATE TABLE IF NOT EXISTS `inventario` (
  `id` int(10) unsigned NOT NULL,
  `producto_id` int(10) unsigned NOT NULL,
  `cantidad` double NOT NULL
) ENGINE=InnoDB AUTO_INCREMENT=10 DEFAULT CHARSET=utf8 COLLATE=utf8_unicode_ci;

--
-- Volcado de datos para la tabla `inventario`
--

INSERT INTO `inventario` (`id`, `producto_id`, `cantidad`) VALUES
(1, 1, 87),
(2, 2, 13),
(3, 3, 105),
(4, 4, 5),
(5, 5, 289),
(6, 6, 49),
(7, 7, 176),
(8, 8, 26),
(9, 9, 197);

-- --------------------------------------------------------

--
-- Estructura de tabla para la tabla `mensajeria`
--

CREATE TABLE IF NOT EXISTS `mensajeria` (
  `id` int(10) unsigned NOT NULL,
  `nombre` varchar(50) COLLATE utf8_unicode_ci NOT NULL,
  `created_at` timestamp NOT NULL DEFAULT '0000-00-00 00:00:00',
  `updated_at` timestamp NOT NULL DEFAULT '0000-00-00 00:00:00'
) ENGINE=InnoDB AUTO_INCREMENT=696 DEFAULT CHARSET=utf8 COLLATE=utf8_unicode_ci;

--
-- Volcado de datos para la tabla `mensajeria`
--

INSERT INTO `mensajeria` (`id`, `nombre`, `created_at`, `updated_at`) VALUES
(426, '2', '2016-02-05 20:56:41', '2016-02-05 20:56:41'),
(427, '2', '2016-02-05 20:57:51', '2016-02-05 20:57:51'),
(428, '3', '2016-02-05 20:58:40', '2016-02-05 20:58:40'),
(429, '2', '2016-02-06 00:53:48', '2016-02-06 00:53:48'),
(430, '2', '2016-02-06 01:23:51', '2016-02-06 01:23:51'),
(431, '2', '2016-02-06 02:51:34', '2016-02-06 02:51:34'),
(432, '3', '2016-02-06 03:00:25', '2016-02-06 03:00:25'),
(433, '3', '2016-02-06 03:01:22', '2016-02-06 03:01:22'),
(434, '3', '2016-02-06 03:03:13', '2016-02-06 03:03:13'),
(435, 'Tarjeta de crédito', '2016-02-06 03:30:30', '2016-02-06 03:30:30'),
(436, 'Tarjeta de debito', '2016-02-06 03:39:27', '2016-02-06 03:39:27'),
(437, 'Efectivo', '2016-02-06 03:40:56', '2016-02-06 03:40:56'),
(438, 'Transferencia', '2016-02-06 03:42:17', '2016-02-06 03:42:17'),
(439, 'Transferencia', '2016-02-06 19:30:01', '2016-02-06 19:30:01'),
(440, 'Transferencia', '2016-02-06 19:30:41', '2016-02-06 19:30:41'),
(441, 'Tarjeta de debito', '2016-02-06 19:31:36', '2016-02-06 19:31:36'),
(442, 'Efectivo', '2016-02-08 17:31:55', '2016-02-08 17:31:55'),
(443, 'Transferencia', '2016-02-08 17:35:29', '2016-02-08 17:35:29'),
(444, 'Efectivo', '2016-02-08 17:37:48', '2016-02-08 17:37:48'),
(445, 'Tarjeta de debito', '2016-02-08 17:40:31', '2016-02-08 17:40:31'),
(446, 'Tarjeta de debito', '2016-02-08 17:43:10', '2016-02-08 17:43:10'),
(447, 'Efectivo', '2016-02-08 17:44:21', '2016-02-08 17:44:21'),
(448, 'Efectivo', '2016-02-08 17:49:05', '2016-02-08 17:49:05'),
(449, 'Efectivo', '2016-02-08 17:50:20', '2016-02-08 17:50:20'),
(450, 'Efectivo', '2016-02-08 17:51:43', '2016-02-08 17:51:43'),
(451, 'Tarjeta de debito', '2016-02-08 17:59:14', '2016-02-08 17:59:14'),
(452, 'Tarjeta de debito', '2016-02-08 18:01:26', '2016-02-08 18:01:26'),
(453, 'Tarjeta de debito', '2016-02-08 18:05:24', '2016-02-08 18:05:24'),
(454, 'Tarjeta de crédito', '2016-02-08 18:06:34', '2016-02-08 18:06:34'),
(455, 'Tarjeta de debito', '2016-02-08 18:08:44', '2016-02-08 18:08:44'),
(456, 'Efectivo', '2016-02-08 18:12:54', '2016-02-08 18:12:54'),
(457, 'Efectivo', '2016-02-08 21:02:34', '2016-02-08 21:02:34'),
(458, 'Tarjeta de debito', '2016-02-08 21:03:23', '2016-02-08 21:03:23'),
(459, 'Tarjeta de debito', '2016-02-08 21:05:06', '2016-02-08 21:05:06'),
(460, 'Efectivo', '2016-02-08 22:25:24', '2016-02-08 22:25:24'),
(461, 'Transferencia', '2016-02-08 22:28:09', '2016-02-08 22:28:09'),
(462, 'Tarjeta de debito', '2016-02-08 22:30:04', '2016-02-08 22:30:04'),
(463, 'Tarjeta de crédito', '2016-02-09 16:53:52', '2016-02-09 16:53:52'),
(464, 'Tarjeta de crédito', '2016-02-09 17:31:52', '2016-02-09 17:31:52'),
(465, 'Tarjeta de crédito', '2016-02-09 17:32:30', '2016-02-09 17:32:30'),
(466, 'Tarjeta de crédito', '2016-02-09 17:32:58', '2016-02-09 17:32:58'),
(467, 'Tarjeta de crédito', '2016-02-09 17:34:42', '2016-02-09 17:34:42'),
(468, 'Efectivo', '2016-02-09 18:02:12', '2016-02-09 18:02:12'),
(469, 'Efectivo', '2016-02-09 18:03:36', '2016-02-09 18:03:36'),
(470, 'Tarjeta de debito', '2016-02-09 18:04:02', '2016-02-09 18:04:02'),
(471, 'Transferencia', '2016-02-09 18:04:33', '2016-02-09 18:04:33'),
(472, 'Tarjeta de crédito', '2016-02-09 18:05:09', '2016-02-09 18:05:09'),
(473, 'Efectivo', '2016-02-09 18:06:31', '2016-02-09 18:06:31'),
(474, 'Tarjeta de crédito', '2016-02-09 18:07:30', '2016-02-09 18:07:30'),
(475, 'Tarjeta de crédito', '2016-02-09 18:08:26', '2016-02-09 18:08:26'),
(476, 'Tarjeta de crédito', '2016-02-09 18:09:25', '2016-02-09 18:09:25'),
(477, 'Tarjeta de debito', '2016-02-09 18:10:21', '2016-02-09 18:10:21'),
(478, 'Tarjeta de crédito', '2016-02-09 18:11:08', '2016-02-09 18:11:08'),
(479, 'Tarjeta de debito', '2016-02-09 18:12:16', '2016-02-09 18:12:16'),
(480, 'Tarjeta de crédito', '2016-02-09 18:13:30', '2016-02-09 18:13:30'),
(481, 'Tarjeta de debito', '2016-02-09 18:15:28', '2016-02-09 18:15:28'),
(482, 'Tarjeta de crédito', '2016-02-09 18:16:38', '2016-02-09 18:16:38'),
(483, 'Efectivo', '2016-02-09 18:17:37', '2016-02-09 18:17:37'),
(484, 'Transferencia', '2016-02-09 18:19:07', '2016-02-09 18:19:07'),
(485, 'Tarjeta de crédito', '2016-02-09 18:21:17', '2016-02-09 18:21:17'),
(486, 'Tarjeta de crédito', '2016-02-09 18:24:42', '2016-02-09 18:24:42'),
(487, 'Tarjeta de crédito', '2016-02-09 18:25:48', '2016-02-09 18:25:48'),
(488, 'Tarjeta de debito', '2016-02-09 18:29:35', '2016-02-09 18:29:35'),
(489, 'Efectivo', '2016-02-09 18:34:58', '2016-02-09 18:34:58'),
(490, 'Tarjeta de crédito', '2016-02-09 18:36:14', '2016-02-09 18:36:14'),
(491, 'Tarjeta de crédito', '2016-02-10 00:43:47', '2016-02-10 00:43:47'),
(492, 'Efectivo', '2016-02-10 00:51:11', '2016-02-10 00:51:11'),
(493, 'Tarjeta de crédito', '2016-02-10 00:52:36', '2016-02-10 00:52:36'),
(494, 'Tarjeta de crédito', '2016-02-10 00:58:51', '2016-02-10 00:58:51'),
(495, 'Tarjeta de debito', '2016-02-10 01:00:12', '2016-02-10 01:00:12'),
(496, 'Transferencia', '2016-02-10 01:00:55', '2016-02-10 01:00:55'),
(497, 'Tarjeta de crédito', '2016-02-10 02:28:57', '2016-02-10 02:28:57'),
(498, 'Tarjeta de debito', '2016-02-10 02:48:35', '2016-02-10 02:48:35'),
(499, 'Tarjeta de crédito', '2016-02-10 03:02:33', '2016-02-10 03:02:33'),
(500, 'Tarjeta de crédito', '2016-02-10 03:03:40', '2016-02-10 03:03:40'),
(501, 'Tarjeta de crédito', '2016-02-10 03:05:05', '2016-02-10 03:05:05'),
(502, 'Tarjeta de crédito', '2016-02-10 03:13:06', '2016-02-10 03:13:06'),
(503, 'Tarjeta de crédito', '2016-02-10 03:14:16', '2016-02-10 03:14:16'),
(504, 'Tarjeta de crédito', '2016-02-10 03:18:16', '2016-02-10 03:18:16'),
(505, 'Tarjeta de debito', '2016-02-10 03:19:19', '2016-02-10 03:19:19'),
(506, 'Tarjeta de debito', '2016-02-10 03:20:51', '2016-02-10 03:20:51'),
(507, 'Transferencia', '2016-02-10 03:21:31', '2016-02-10 03:21:31'),
(508, 'Tarjeta de debito', '2016-02-10 03:25:58', '2016-02-10 03:25:58'),
(509, 'Tarjeta de crédito', '2016-02-10 03:30:57', '2016-02-10 03:30:57'),
(510, 'Tarjeta de crédito', '2016-02-10 03:45:16', '2016-02-10 03:45:16'),
(511, 'Tarjeta de debito', '2016-02-10 04:12:46', '2016-02-10 04:12:46'),
(512, 'Transferencia', '2016-02-10 04:13:41', '2016-02-10 04:13:41'),
(513, 'Tarjeta de debito', '2016-02-10 04:14:46', '2016-02-10 04:14:46'),
(514, 'Efectivo', '2016-02-10 04:15:51', '2016-02-10 04:15:51'),
(515, 'Tarjeta de debito', '2016-02-10 04:17:32', '2016-02-10 04:17:32'),
(516, 'Efectivo', '2016-02-10 04:18:45', '2016-02-10 04:18:45'),
(517, 'Tarjeta de crédito', '2016-02-10 04:20:58', '2016-02-10 04:20:58'),
(518, 'Tarjeta de crédito', '2016-02-10 05:18:56', '2016-02-10 05:18:56'),
(519, 'Tarjeta de crédito', '2016-02-10 05:20:45', '2016-02-10 05:20:45'),
(520, 'Transferencia', '2016-02-10 05:21:43', '2016-02-10 05:21:43'),
(521, 'Efectivo', '2016-02-10 05:22:42', '2016-02-10 05:22:42'),
(522, 'Tarjeta de debito', '2016-02-10 05:24:03', '2016-02-10 05:24:03'),
(523, 'Transferencia', '2016-02-10 05:25:22', '2016-02-10 05:25:22'),
(524, 'Tarjeta de debito', '2016-02-10 05:26:06', '2016-02-10 05:26:06'),
(525, 'Efectivo', '2016-02-10 05:37:49', '2016-02-10 05:37:49'),
(526, 'Tarjeta de debito', '2016-02-10 05:39:53', '2016-02-10 05:39:53'),
(527, 'Tarjeta de debito', '2016-02-10 05:42:48', '2016-02-10 05:42:48'),
(528, 'Tarjeta de debito', '2016-02-10 05:50:36', '2016-02-10 05:50:36'),
(529, 'Tarjeta de debito', '2016-02-10 17:22:59', '2016-02-10 17:22:59'),
(530, 'Tarjeta de debito', '2016-02-10 17:27:43', '2016-02-10 17:27:43'),
(531, 'Tarjeta de crédito', '2016-02-10 18:18:56', '2016-02-10 18:18:56'),
(532, 'Tarjeta de debito', '2016-02-10 18:19:39', '2016-02-10 18:19:39'),
(533, 'Tarjeta de crédito', '2016-02-10 18:20:31', '2016-02-10 18:20:31'),
(534, 'Efectivo', '2016-02-10 18:26:32', '2016-02-10 18:26:32'),
(535, 'Tarjeta de debito', '2016-02-10 18:28:00', '2016-02-10 18:28:00'),
(536, 'Efectivo', '2016-02-10 18:29:52', '2016-02-10 18:29:52'),
(537, 'Tarjeta de debito', '2016-02-10 18:42:53', '2016-02-10 18:42:53'),
(538, 'Transferencia', '2016-02-10 18:44:36', '2016-02-10 18:44:36'),
(539, 'Efectivo', '2016-02-10 18:46:40', '2016-02-10 18:46:40'),
(540, 'Transferencia', '2016-02-10 18:48:11', '2016-02-10 18:48:11'),
(541, 'Transferencia', '2016-02-10 18:52:30', '2016-02-10 18:52:30'),
(542, 'Transferencia', '2016-02-10 18:53:12', '2016-02-10 18:53:12'),
(543, 'Efectivo', '2016-02-10 18:56:47', '2016-02-10 18:56:47'),
(544, 'Tarjeta de debito', '2016-02-10 19:02:49', '2016-02-10 19:02:49'),
(545, 'Efectivo', '2016-02-10 19:04:31', '2016-02-10 19:04:31'),
(546, 'Transferencia', '2016-02-10 19:05:13', '2016-02-10 19:05:13'),
(547, 'Tarjeta de debito', '2016-02-10 19:07:05', '2016-02-10 19:07:05'),
(548, 'Tarjeta de debito', '2016-02-10 19:08:01', '2016-02-10 19:08:01'),
(549, 'Tarjeta de debito', '2016-02-10 19:11:23', '2016-02-10 19:11:23'),
(550, 'Tarjeta de crédito', '2016-02-11 08:10:58', '2016-02-11 08:10:58'),
(551, 'Tarjeta de crédito', '2016-02-11 08:11:24', '2016-02-11 08:11:24'),
(552, 'Efectivo', '2016-02-11 08:15:46', '2016-02-11 08:15:46'),
(553, 'Tarjeta de crédito', '2016-02-12 03:28:42', '2016-02-12 03:28:42'),
(554, 'Tarjeta de debito', '2016-02-12 18:36:00', '2016-02-12 18:36:00'),
(555, 'Tarjeta de crédito', '2016-02-12 18:37:00', '2016-02-12 18:37:00'),
(556, 'Tarjeta de debito', '2016-02-12 18:43:21', '2016-02-12 18:43:21'),
(557, 'Efectivo', '2016-02-12 18:47:41', '2016-02-12 18:47:41'),
(558, 'Efectivo', '2016-02-12 18:48:47', '2016-02-12 18:48:47'),
(559, 'Efectivo', '2016-02-12 18:50:25', '2016-02-12 18:50:25'),
(560, 'Tarjeta de debito', '2016-02-12 19:07:09', '2016-02-12 19:07:09'),
(561, 'Tarjeta de debito', '2016-02-12 19:40:32', '2016-02-12 19:40:32'),
(562, 'Tarjeta de debito', '2016-02-12 19:42:43', '2016-02-12 19:42:43'),
(563, 'Tarjeta de crédito', '2016-02-12 19:47:36', '2016-02-12 19:47:36'),
(564, 'Tarjeta de debito', '2016-02-12 20:03:53', '2016-02-12 20:03:53'),
(565, 'Tarjeta de crédito', '2016-02-12 20:05:54', '2016-02-12 20:05:54'),
(566, 'Tarjeta de debito', '2016-02-12 20:17:15', '2016-02-12 20:17:15'),
(567, 'Tarjeta de crédito', '2016-02-12 20:22:19', '2016-02-12 20:22:19'),
(568, 'Tarjeta de debito', '2016-02-12 20:23:38', '2016-02-12 20:23:38'),
(569, 'Tarjeta de crédito', '2016-02-12 20:24:52', '2016-02-12 20:24:52'),
(570, 'Efectivo', '2016-02-12 20:44:18', '2016-02-12 20:44:18'),
(571, 'Tarjeta de debito', '2016-02-12 20:46:49', '2016-02-12 20:46:49'),
(572, 'Tarjeta de debito', '2016-02-12 20:50:38', '2016-02-12 20:50:38'),
(573, 'Tarjeta de crédito', '2016-02-12 20:52:31', '2016-02-12 20:52:31'),
(574, 'Efectivo', '2016-02-12 22:14:51', '2016-02-12 22:14:51'),
(575, 'Tarjeta de crédito', '2016-02-13 18:02:17', '2016-02-13 18:02:17'),
(576, 'Efectivo', '2016-02-13 18:04:50', '2016-02-13 18:04:50'),
(577, 'Tarjeta de crédito', '2016-02-13 18:06:52', '2016-02-13 18:06:52'),
(578, 'Tarjeta de crédito', '2016-02-13 19:00:00', '2016-02-13 19:00:00'),
(579, 'Tarjeta de debito', '2016-02-13 19:18:53', '2016-02-13 19:18:53'),
(580, 'Tarjeta de crédito', '2016-02-13 21:31:21', '2016-02-13 21:31:21'),
(581, 'Tarjeta de debito', '2016-02-13 21:33:15', '2016-02-13 21:33:15'),
(582, 'Tarjeta de crédito', '2016-02-13 21:33:53', '2016-02-13 21:33:53'),
(583, 'Tarjeta de crédito', '2016-02-14 02:37:53', '2016-02-14 02:37:53'),
(584, 'Tarjeta de debito', '2016-02-14 03:55:33', '2016-02-14 03:55:33'),
(585, 'Tarjeta de debito', '2016-02-14 03:57:26', '2016-02-14 03:57:26'),
(586, 'Tarjeta de debito', '2016-02-14 03:58:34', '2016-02-14 03:58:34'),
(587, 'Tarjeta de debito', '2016-02-14 04:10:33', '2016-02-14 04:10:33'),
(588, 'Tarjeta de debito', '2016-02-14 04:11:53', '2016-02-14 04:11:53'),
(589, 'Transferencia', '2016-02-14 04:14:07', '2016-02-14 04:14:07'),
(590, 'Tarjeta de debito', '2016-02-14 06:16:12', '2016-02-14 06:16:12'),
(591, 'Tarjeta de debito', '2016-02-14 08:21:46', '2016-02-14 08:21:46'),
(592, 'Tarjeta de crédito', '2016-02-14 16:20:37', '2016-02-14 16:20:37'),
(593, 'Transferencia', '2016-02-14 16:23:11', '2016-02-14 16:23:11'),
(594, 'Transferencia', '2016-02-14 16:23:49', '2016-02-14 16:23:49'),
(595, 'Transferencia', '2016-02-14 16:24:33', '2016-02-14 16:24:33'),
(596, 'Tarjeta de debito', '2016-02-14 16:26:16', '2016-02-14 16:26:16'),
(597, 'Tarjeta de debito', '2016-02-14 16:28:05', '2016-02-14 16:28:05'),
(598, 'Efectivo', '2016-02-14 16:33:37', '2016-02-14 16:33:37'),
(599, 'Tarjeta de crédito', '2016-02-14 16:37:18', '2016-02-14 16:37:18'),
(600, 'Efectivo', '2016-02-14 16:41:39', '2016-02-14 16:41:39'),
(601, 'Efectivo', '2016-02-14 16:43:27', '2016-02-14 16:43:27'),
(602, 'Efectivo', '2016-02-14 16:46:27', '2016-02-14 16:46:27'),
(603, 'Tarjeta de crédito', '2016-02-14 16:49:48', '2016-02-14 16:49:48'),
(604, 'Tarjeta de crédito', '2016-02-14 20:34:42', '2016-02-14 20:34:42'),
(605, 'Tarjeta de debito', '2016-02-14 21:03:09', '2016-02-14 21:03:09'),
(606, 'Tarjeta de crédito', '2016-02-14 22:29:53', '2016-02-14 22:29:53'),
(607, 'Tarjeta de debito', '2016-02-14 22:31:51', '2016-02-14 22:31:51'),
(608, 'Transferencia', '2016-02-14 22:33:42', '2016-02-14 22:33:42'),
(609, 'Transferencia', '2016-02-14 22:35:08', '2016-02-14 22:35:08'),
(610, 'Efectivo', '2016-02-14 22:37:13', '2016-02-14 22:37:13'),
(611, 'Transferencia', '2016-02-14 22:38:04', '2016-02-14 22:38:04'),
(612, 'Tarjeta de debito', '2016-02-14 22:39:28', '2016-02-14 22:39:28'),
(613, 'Transferencia', '2016-02-14 22:40:38', '2016-02-14 22:40:38'),
(614, 'Transferencia', '2016-02-14 22:42:28', '2016-02-14 22:42:28'),
(615, 'Efectivo', '2016-02-14 22:59:28', '2016-02-14 22:59:28'),
(616, 'Efectivo', '2016-02-14 23:00:27', '2016-02-14 23:00:27'),
(617, 'Tarjeta de crédito', '2016-02-15 00:00:50', '2016-02-15 00:00:50'),
(618, 'Efectivo', '2016-02-15 03:31:20', '2016-02-15 03:31:20'),
(619, 'Tarjeta de debito', '2016-02-15 04:08:25', '2016-02-15 04:08:25'),
(620, 'Tarjeta de crédito', '2016-02-15 04:16:20', '2016-02-15 04:16:20'),
(621, 'Efectivo', '2016-02-15 07:53:19', '2016-02-15 07:53:19'),
(622, 'Tarjeta de crédito', '2016-02-15 17:17:58', '2016-02-15 17:17:58'),
(623, 'Tarjeta de debito', '2016-02-16 02:41:49', '2016-02-16 02:41:49'),
(624, 'Tarjeta de crédito', '2016-02-16 09:01:31', '2016-02-16 09:01:31'),
(625, 'Efectivo', '2016-02-16 09:02:59', '2016-02-16 09:02:59'),
(626, 'Transferencia', '2016-02-16 09:04:15', '2016-02-16 09:04:15'),
(627, 'Transferencia', '2016-02-16 09:36:17', '2016-02-16 09:36:17'),
(628, 'Transferencia', '2016-02-16 18:38:35', '2016-02-16 18:38:35'),
(629, 'Tarjeta de debito', '2016-02-17 11:23:43', '2016-02-17 11:23:43'),
(630, 'Transferencia', '2016-02-17 11:24:46', '2016-02-17 11:24:46'),
(631, 'Tarjeta de debito', '2016-02-17 11:26:34', '2016-02-17 11:26:34'),
(632, 'Transferencia', '2016-02-17 11:29:48', '2016-02-17 11:29:48'),
(633, 'Efectivo', '2016-02-17 11:32:08', '2016-02-17 11:32:08'),
(634, 'Efectivo', '2016-02-17 11:36:57', '2016-02-17 11:36:57'),
(635, 'Tarjeta de debito', '2016-02-17 11:40:39', '2016-02-17 11:40:39'),
(636, 'Tarjeta de debito', '2016-02-17 11:48:05', '2016-02-17 11:48:05'),
(637, 'Tarjeta de debito', '2016-02-17 11:49:32', '2016-02-17 11:49:32'),
(638, 'Efectivo', '2016-02-17 11:51:27', '2016-02-17 11:51:27'),
(639, 'Tarjeta de crédito', '2016-02-17 11:52:48', '2016-02-17 11:52:48'),
(640, 'Tarjeta de crédito', '2016-02-18 22:39:29', '2016-02-18 22:39:29'),
(641, 'Tarjeta de debito', '2016-02-20 20:01:06', '2016-02-20 20:01:06'),
(642, 'Efectivo', '2016-02-21 02:55:27', '2016-02-21 02:55:27'),
(643, 'Tarjeta de debito', '2016-02-21 03:11:38', '2016-02-21 03:11:38'),
(644, 'Efectivo', '2016-02-21 03:36:49', '2016-02-21 03:36:49'),
(645, 'Tarjeta de crédito', '2016-02-21 03:38:01', '2016-02-21 03:38:01'),
(646, 'Transferencia', '2016-02-21 03:39:07', '2016-02-21 03:39:07'),
(647, 'Tarjeta de debito', '2016-02-21 03:40:32', '2016-02-21 03:40:32'),
(648, 'Transferencia', '2016-02-21 03:44:28', '2016-02-21 03:44:28'),
(649, 'Efectivo', '2016-02-21 03:45:07', '2016-02-21 03:45:07'),
(650, 'Efectivo', '2016-02-21 03:48:14', '2016-02-21 03:48:14'),
(651, 'Tarjeta de debito', '2016-02-21 03:50:46', '2016-02-21 03:50:46'),
(652, 'Efectivo', '2016-02-21 03:53:53', '2016-02-21 03:53:53'),
(653, 'Transferencia', '2016-02-21 03:57:59', '2016-02-21 03:57:59'),
(654, 'Efectivo', '2016-02-21 04:56:53', '2016-02-21 04:56:53'),
(655, 'Efectivo', '2016-02-21 04:58:29', '2016-02-21 04:58:29'),
(656, 'Tarjeta de debito', '2016-02-21 04:59:14', '2016-02-21 04:59:14'),
(657, 'Tarjeta de debito', '2016-02-21 05:25:42', '2016-02-21 05:25:42'),
(658, 'Efectivo', '2016-02-21 05:26:52', '2016-02-21 05:26:52'),
(659, 'Efectivo', '2016-02-21 05:30:48', '2016-02-21 05:30:48'),
(660, 'Tarjeta de debito', '2016-02-21 05:31:56', '2016-02-21 05:31:56'),
(661, 'Efectivo', '2016-02-21 05:33:24', '2016-02-21 05:33:24'),
(662, 'Efectivo', '2016-02-21 05:34:59', '2016-02-21 05:34:59'),
(663, 'Tarjeta de debito', '2016-02-21 05:35:59', '2016-02-21 05:35:59'),
(664, 'Tarjeta de debito', '2016-02-21 05:38:40', '2016-02-21 05:38:40'),
(665, 'Tarjeta de debito', '2016-02-21 05:41:03', '2016-02-21 05:41:03'),
(666, 'Tarjeta de crédito', '2016-02-21 05:43:24', '2016-02-21 05:43:24'),
(667, 'Efectivo', '2016-02-21 05:45:20', '2016-02-21 05:45:20'),
(668, 'Tarjeta de debito', '2016-02-21 05:48:02', '2016-02-21 05:48:02'),
(669, 'Efectivo', '2016-02-21 05:49:18', '2016-02-21 05:49:18'),
(670, 'Tarjeta de debito', '2016-02-21 05:51:07', '2016-02-21 05:51:07'),
(671, 'Tarjeta de crédito', '2016-02-21 16:33:15', '2016-02-21 16:33:15'),
(672, 'Tarjeta de crédito', '2016-02-21 17:38:28', '2016-02-21 17:38:28'),
(673, 'Efectivo', '2016-02-21 17:51:58', '2016-02-21 17:51:58'),
(674, 'Efectivo', '2016-02-21 17:56:39', '2016-02-21 17:56:39'),
(675, 'Efectivo', '2016-02-21 18:01:31', '2016-02-21 18:01:31'),
(676, 'Tarjeta de debito', '2016-02-21 18:05:49', '2016-02-21 18:05:49'),
(677, 'Tarjeta de debito', '2016-02-21 18:19:08', '2016-02-21 18:19:08'),
(678, 'Efectivo', '2016-02-21 18:29:26', '2016-02-21 18:29:26'),
(679, 'Transferencia', '2016-02-21 18:42:30', '2016-02-21 18:42:30'),
(680, 'Tarjeta de debito', '2016-02-21 18:44:02', '2016-02-21 18:44:02'),
(681, 'Efectivo', '2016-02-21 18:45:05', '2016-02-21 18:45:05'),
(682, 'Tarjeta de debito', '2016-02-21 19:02:49', '2016-02-21 19:02:49'),
(683, 'Tarjeta de debito', '2016-02-21 19:12:41', '2016-02-21 19:12:41'),
(684, 'Tarjeta de debito', '2016-02-21 19:51:50', '2016-02-21 19:51:50'),
(685, 'Efectivo', '2016-02-21 20:20:44', '2016-02-21 20:20:44'),
(686, 'Efectivo', '2016-02-21 20:22:13', '2016-02-21 20:22:13'),
(687, 'Efectivo', '2016-02-21 20:24:13', '2016-02-21 20:24:13'),
(688, 'Efectivo', '2016-02-22 17:43:27', '2016-02-22 17:43:27'),
(689, 'Tarjeta de debito', '2016-02-22 18:17:11', '2016-02-22 18:17:11'),
(690, 'Efectivo', '2016-02-22 18:18:08', '2016-02-22 18:18:08'),
(691, 'Tarjeta de crédito', '2016-02-22 18:21:09', '2016-02-22 18:21:09'),
(692, 'Tarjeta de crédito', '2016-02-22 18:24:56', '2016-02-22 18:24:56'),
(693, 'Efectivo', '2016-02-22 18:30:27', '2016-02-22 18:30:27'),
(694, 'Tarjeta de crédito', '2016-02-22 18:36:23', '2016-02-22 18:36:23'),
(695, 'Tarjeta de crédito', '2016-02-22 19:41:59', '2016-02-22 19:41:59');

-- --------------------------------------------------------

--
-- Estructura de tabla para la tabla `migrations`
--

CREATE TABLE IF NOT EXISTS `migrations` (
  `migration` varchar(255) COLLATE utf8_unicode_ci NOT NULL,
  `batch` int(11) NOT NULL
) ENGINE=InnoDB DEFAULT CHARSET=utf8 COLLATE=utf8_unicode_ci;

--
-- Volcado de datos para la tabla `migrations`
--

INSERT INTO `migrations` (`migration`, `batch`) VALUES
('2015_11_28_030608_rol', 1),
('2015_11_28_030739_usuario', 1),
('2015_11_28_033501_nivel_descuento', 2),
('2015_11_28_035540_cliente', 3),
('2015_11_28_042147_cliente', 4),
('2015_11_28_042530_cliente', 5),
('2015_11_28_045122_cliente', 6),
('2015_11_29_183851_usuario_detalle', 7),
('2015_11_29_184309_forma_pago', 8),
('2015_11_29_184723_mensajeria', 9),
('2015_11_29_185228_pedido', 10),
('2015_11_29_190244_unidad_medida', 11),
('2015_11_29_190611_almacen', 12),
('2015_11_29_190855_importador', 13),
('2015_11_29_191133_descuento', 14),
('2015_11_29_191409_familia', 15),
('2015_11_29_191923_producto', 16),
('2015_11_29_192956_pedido_detalle', 17),
('2015_11_29_193327_producto_precio', 18),
('2015_11_29_193926_inventario', 19),
('2015_11_29_194342_comercializador', 20),
('2015_11_29_194636_proveedor', 21),
('2015_11_29_195003_contacto', 22),
('2015_11_29_195504_entrada', 23),
('2015_11_29_200002_entrada_detalle', 24),
('2015_11_29_200344_telefono', 25),
('2015_11_29_200711_pais', 26),
('2015_11_29_200917_estado', 27),
('2015_11_29_201127_municipio', 28),
('2015_11_29_201322_direccion', 29),
('2015_11_29_202627_direccion', 30),
('2015_12_04_063205_password_reminders', 31),
('2015_11_29_184309_cliente_forma_pago', 32),
('2015_12_16_031358_forma_pago', 33),
('2015_12_16_034505_cliente_forma_pago', 34),
('2015_11_29_202627_direccion_proveedor', 35),
('2015_12_16_040819_direccion_cliente', 36),
('2015_11_29_200344_telefono_proveedor', 37),
('2015_12_16_043358_telefono_cliente', 38),
('2016_01_13_004618_pedido', 39),
('2016_01_13_005512_pedido_detalle', 40),
('2016_01_13_040326_pedido', 41),
('2016_01_13_040529_pedido_detalle', 42),
('2016_01_18_144117_direccion_cliente', 43),
('2016_01_18_144314_pedido', 44),
('2016_01_18_144432_pedido_detalle', 45);

-- --------------------------------------------------------

--
-- Estructura de tabla para la tabla `municipio`
--

CREATE TABLE IF NOT EXISTS `municipio` (
  `id` int(10) unsigned NOT NULL,
  `estado_id` int(10) unsigned NOT NULL,
  `municipio` varchar(255) COLLATE utf8_unicode_ci NOT NULL,
  `estatus` tinyint(1) NOT NULL,
  `created_at` timestamp NOT NULL DEFAULT '0000-00-00 00:00:00',
  `updated_at` timestamp NOT NULL DEFAULT '0000-00-00 00:00:00'
) ENGINE=InnoDB AUTO_INCREMENT=33 DEFAULT CHARSET=utf8 COLLATE=utf8_unicode_ci;

--
-- Volcado de datos para la tabla `municipio`
--

INSERT INTO `municipio` (`id`, `estado_id`, `municipio`, `estatus`, `created_at`, `updated_at`) VALUES
(1, 1, 'Aguascalientes', 1, '2015-12-08 06:00:00', '0000-00-00 00:00:00'),
(2, 1, 'Asientos', 1, '2015-12-08 06:00:00', '0000-00-00 00:00:00'),
(3, 1, 'Calvillo', 1, '2015-12-08 06:00:00', '0000-00-00 00:00:00'),
(4, 1, 'Cosío', 1, '2015-12-08 06:00:00', '0000-00-00 00:00:00'),
(5, 1, 'El Llano', 1, '2015-12-08 06:00:00', '0000-00-00 00:00:00'),
(6, 1, 'Jesús María', 1, '2015-12-08 06:00:00', '0000-00-00 00:00:00'),
(7, 1, 'Pabellón de Arteaga', 1, '2015-12-08 06:00:00', '0000-00-00 00:00:00'),
(8, 1, 'Rincón de Romos', 1, '2015-12-08 06:00:00', '0000-00-00 00:00:00'),
(9, 1, 'San Francisco de los Romo', 1, '2015-12-08 06:00:00', '0000-00-00 00:00:00'),
(10, 1, 'San José de Gracia', 1, '2015-12-08 06:00:00', '0000-00-00 00:00:00'),
(11, 1, 'Tepezalá', 1, '2015-12-08 06:00:00', '0000-00-00 00:00:00'),
(12, 2, 'Ensenada', 1, '2015-12-08 06:00:00', '0000-00-00 00:00:00'),
(13, 2, 'Mexicali', 1, '2015-12-08 06:00:00', '0000-00-00 00:00:00'),
(14, 2, 'Tecate', 1, '2015-12-08 06:00:00', '0000-00-00 00:00:00'),
(15, 2, 'Tijuana', 1, '2015-12-08 06:00:00', '0000-00-00 00:00:00'),
(16, 2, 'Playas de Rosarito', 1, '2015-12-08 06:00:00', '0000-00-00 00:00:00'),
(17, 3, 'Comondú', 1, '2015-12-08 06:00:00', '0000-00-00 00:00:00'),
(18, 3, 'La Paz', 1, '2015-12-08 06:00:00', '0000-00-00 00:00:00'),
(19, 3, 'Loreto', 1, '2015-12-08 06:00:00', '0000-00-00 00:00:00'),
(20, 3, 'Los Cabos', 1, '2015-12-08 06:00:00', '0000-00-00 00:00:00'),
(21, 3, 'Mulegé', 1, '2015-12-08 06:00:00', '0000-00-00 00:00:00'),
(22, 4, 'Calakmul', 1, '2015-12-08 06:00:00', '0000-00-00 00:00:00'),
(23, 4, 'Calkiní', 1, '2015-12-08 06:00:00', '0000-00-00 00:00:00'),
(24, 4, 'Campeche', 1, '2015-12-08 06:00:00', '0000-00-00 00:00:00'),
(25, 4, 'Candelaria', 1, '2015-12-08 06:00:00', '0000-00-00 00:00:00'),
(26, 4, 'Carmen', 1, '2015-12-08 06:00:00', '0000-00-00 00:00:00'),
(27, 4, 'Champotón', 1, '2015-12-08 06:00:00', '0000-00-00 00:00:00'),
(28, 4, 'Escárcega', 1, '2015-12-08 06:00:00', '0000-00-00 00:00:00'),
(29, 4, 'Hecelchakán', 1, '2015-12-08 06:00:00', '0000-00-00 00:00:00'),
(30, 4, 'Hopelchén', 1, '2015-12-08 06:00:00', '0000-00-00 00:00:00'),
(31, 4, 'Palizada', 1, '2015-12-08 06:00:00', '0000-00-00 00:00:00'),
(32, 4, 'Tenabo', 1, '2015-12-08 06:00:00', '0000-00-00 00:00:00');

-- --------------------------------------------------------

--
-- Estructura de tabla para la tabla `nivel_descuento`
--

CREATE TABLE IF NOT EXISTS `nivel_descuento` (
  `id` int(10) unsigned NOT NULL,
  `descripcion` varchar(100) COLLATE utf8_unicode_ci NOT NULL,
  `descuento` varchar(100) COLLATE utf8_unicode_ci NOT NULL,
  `created_at` timestamp NOT NULL DEFAULT '0000-00-00 00:00:00',
  `updated_at` timestamp NOT NULL DEFAULT '0000-00-00 00:00:00',
  `estatus` tinyint(1) NOT NULL
) ENGINE=InnoDB AUTO_INCREMENT=4 DEFAULT CHARSET=utf8 COLLATE=utf8_unicode_ci;

--
-- Volcado de datos para la tabla `nivel_descuento`
--

INSERT INTO `nivel_descuento` (`id`, `descripcion`, `descuento`, `created_at`, `updated_at`, `estatus`) VALUES
(1, 'Normal', '5%', '2015-11-27 06:00:00', '0000-00-00 00:00:00', 1),
(2, 'Frecuente', '15%', '2015-11-27 06:00:00', '0000-00-00 00:00:00', 1),
(3, 'Mayorista', '30%', '2015-11-27 06:00:00', '0000-00-00 00:00:00', 1);

-- --------------------------------------------------------

--
-- Estructura de tabla para la tabla `pais`
--

CREATE TABLE IF NOT EXISTS `pais` (
  `id` int(10) unsigned NOT NULL,
  `pais` varchar(255) COLLATE utf8_unicode_ci NOT NULL,
  `estatus` tinyint(1) NOT NULL,
  `created_at` timestamp NOT NULL DEFAULT '0000-00-00 00:00:00',
  `updated_at` timestamp NOT NULL DEFAULT '0000-00-00 00:00:00'
) ENGINE=InnoDB AUTO_INCREMENT=2 DEFAULT CHARSET=utf8 COLLATE=utf8_unicode_ci;

--
-- Volcado de datos para la tabla `pais`
--

INSERT INTO `pais` (`id`, `pais`, `estatus`, `created_at`, `updated_at`) VALUES
(1, 'México', 1, '2015-12-29 06:00:00', '0000-00-00 00:00:00');

-- --------------------------------------------------------

--
-- Estructura de tabla para la tabla `password_reminders`
--

CREATE TABLE IF NOT EXISTS `password_reminders` (
  `email` varchar(255) COLLATE utf8_unicode_ci NOT NULL,
  `token` varchar(255) COLLATE utf8_unicode_ci NOT NULL,
  `created_at` timestamp NOT NULL DEFAULT '0000-00-00 00:00:00'
) ENGINE=InnoDB DEFAULT CHARSET=utf8 COLLATE=utf8_unicode_ci;

--
-- Volcado de datos para la tabla `password_reminders`
--

INSERT INTO `password_reminders` (`email`, `token`, `created_at`) VALUES
('ejemplo2@live.com', '8e519d9eddce9e96c5491a90bae2b363ad9f5fdf', '2015-12-04 14:27:54'),
('ejemplo1@live.com', '06804e7ea464f1a0713c92244cea077bc3eb5744', '2015-12-04 14:29:34'),
('', '2bc9f285e78dc1b218fc067db376390ac48f9ac9', '2015-12-04 14:33:39'),
('ejemplo@live.com', '451cf575417eb2dbfee2e954065f7445ebf5f129', '2015-12-04 14:40:31'),
('angel@live.com', '3275f969d0d6aa3cab25fc121c5666c9d4436066', '2015-12-04 15:04:48'),
('angeldarkkiller99@live.com', 'ad832f330e17c0505a06536bf39f90d41d1421de', '2015-12-04 19:02:24');

-- --------------------------------------------------------

--
-- Estructura de tabla para la tabla `pedido`
--

CREATE TABLE IF NOT EXISTS `pedido` (
  `id` int(10) unsigned NOT NULL,
  `cliente_id` int(10) unsigned NOT NULL,
  `mensajeria_id` int(10) unsigned NOT NULL,
  `direccion_cliente_id` int(10) unsigned NOT NULL,
  `forma_pago_id` int(10) unsigned NOT NULL,
  `num_pedido` varchar(255) COLLATE utf8_unicode_ci NOT NULL,
  `fecha_registro` date NOT NULL,
  `created_at` timestamp NOT NULL DEFAULT '0000-00-00 00:00:00',
  `updated_at` timestamp NOT NULL DEFAULT '0000-00-00 00:00:00',
  `fecha_entrega` timestamp NOT NULL DEFAULT '0000-00-00 00:00:00',
  `cotizar_envio` tinyint(1) NOT NULL,
  `observaciones` text COLLATE utf8_unicode_ci NOT NULL,
  `estatus` tinyint(1) NOT NULL
) ENGINE=InnoDB AUTO_INCREMENT=652 DEFAULT CHARSET=utf8 COLLATE=utf8_unicode_ci;

--
-- Volcado de datos para la tabla `pedido`
--

INSERT INTO `pedido` (`id`, `cliente_id`, `mensajeria_id`, `direccion_cliente_id`, `forma_pago_id`, `num_pedido`, `fecha_registro`, `created_at`, `updated_at`, `fecha_entrega`, `cotizar_envio`, `observaciones`, `estatus`) VALUES
(314, 80, 382, 248, 4, '2016020405480', '2016-02-01', '2016-02-04 10:07:36', '2016-02-04 10:07:36', '0000-00-00 00:00:00', 0, 'sddsdsds', 0),
(315, 80, 383, 249, 4, '2016020405480', '2016-02-01', '2016-02-04 10:11:03', '2016-02-04 10:11:03', '0000-00-00 00:00:00', 0, 'fdffdfdf', 0),
(316, 80, 384, 250, 1, '2016020405480', '2016-02-01', '2016-02-04 10:12:14', '2016-02-04 10:12:14', '0000-00-00 00:00:00', 0, 'ddsddsdsds', 0),
(317, 80, 385, 251, 3, '2016020405480', '2016-02-01', '2016-02-04 10:13:24', '2016-02-04 10:13:24', '0000-00-00 00:00:00', 0, 'dffd', 0),
(318, 80, 386, 252, 3, '2016020405480', '2016-02-01', '2016-02-04 10:15:20', '2016-02-06 03:47:25', '0000-00-00 00:00:00', 0, 'cxcccx...', 3),
(319, 80, 387, 253, 3, '2016020405480', '2016-02-01', '2016-02-04 10:18:48', '2016-02-04 10:18:48', '0000-00-00 00:00:00', 0, 'dsddd', 0),
(320, 80, 388, 254, 2, '2016020405480', '2016-02-01', '2016-02-04 10:34:09', '2016-02-04 10:34:09', '0000-00-00 00:00:00', 0, 'dffd', 0),
(321, 80, 389, 255, 3, '2016020405480', '2016-02-01', '2016-02-04 10:43:14', '2016-02-04 10:43:14', '0000-00-00 00:00:00', 0, 'lklklk', 0),
(322, 80, 390, 256, 2, '2016020405480', '2016-02-01', '2016-02-04 10:45:14', '2016-02-04 10:45:14', '0000-00-00 00:00:00', 0, 'uiiuiu', 0),
(323, 80, 391, 227, 2, '2016020405480', '2016-02-01', '2016-02-04 10:48:48', '2016-02-04 10:48:48', '0000-00-00 00:00:00', 0, ' ', 0),
(324, 80, 392, 230, 1, '2016020405480', '2016-02-02', '2016-02-04 10:50:45', '2016-02-04 10:50:45', '0000-00-00 00:00:00', 0, ' ', 0),
(325, 80, 393, 257, 2, '2016020405480', '2016-02-02', '2016-02-04 10:51:58', '2016-02-04 10:51:58', '0000-00-00 00:00:00', 0, 'df', 0),
(326, 80, 394, 258, 4, '2016020405480', '2016-02-02', '2016-02-04 10:53:08', '2016-02-04 10:53:08', '0000-00-00 00:00:00', 0, 'hjjhjh', 0),
(327, 81, 395, 259, 2, '2016020441681', '2016-02-02', '2016-02-04 17:19:16', '2016-02-15 07:27:34', '0000-00-00 00:00:00', 0, 'aaa.....', 2),
(328, 76, 396, 260, 2, '2016020405476', '2016-02-02', '2016-02-04 17:22:53', '2016-02-04 17:22:53', '0000-00-00 00:00:00', 0, 'dsdsdssd....', 0),
(329, 76, 397, 261, 2, '2016020405476', '2016-02-02', '2016-02-04 17:24:21', '2016-02-04 17:24:21', '0000-00-00 00:00:00', 0, '', 0),
(330, 76, 398, 183, 2, '2016020405476', '2016-02-02', '2016-02-04 17:25:01', '2016-02-04 17:25:01', '0000-00-00 00:00:00', 0, ' ', 0),
(331, 76, 399, 182, 2, '2016020405476', '2016-02-03', '2016-02-04 17:26:58', '2016-02-04 17:26:58', '0000-00-00 00:00:00', 0, ' ', 0),
(332, 76, 400, 260, 1, '2016020405476', '2016-02-03', '2016-02-04 17:29:23', '2016-02-04 17:29:23', '0000-00-00 00:00:00', 0, ' ', 0),
(333, 76, 401, 262, 2, '2016020445476', '2016-02-04', '2016-02-04 17:35:54', '2016-02-06 03:48:02', '0000-00-00 00:00:00', 0, 'nmmmnmn...', 1),
(334, 76, 402, 263, 4, '2016020405476', '2016-02-04', '2016-02-04 17:37:59', '2016-02-04 17:37:59', '0000-00-00 00:00:00', 0, 'kj', 0),
(335, 76, 403, 183, 3, '2016020405476', '2016-02-05', '2016-02-04 17:42:13', '2016-02-04 17:42:13', '0000-00-00 00:00:00', 0, ' ', 0),
(336, 76, 404, 182, 2, '201602040476', '0000-00-00', '2016-02-04 17:44:04', '2016-02-04 17:44:04', '0000-00-00 00:00:00', 0, ' ', 0),
(337, 76, 405, 180, 2, '76', '0000-00-00', '2016-02-04 17:47:15', '2016-02-04 17:47:15', '0000-00-00 00:00:00', 0, ' ', 0),
(338, 76, 406, 180, 2, '76', '0000-00-00', '2016-02-04 17:49:56', '2016-02-04 17:49:56', '0000-00-00 00:00:00', 0, ' ', 0),
(339, 76, 407, 263, 1, '76', '0000-00-00', '2016-02-04 17:52:05', '2016-02-04 17:52:05', '0000-00-00 00:00:00', 0, ' ', 0),
(340, 76, 409, 263, 3, '76', '0000-00-00', '2016-02-04 17:57:10', '2016-02-04 17:57:10', '0000-00-00 00:00:00', 0, ' ', 0),
(341, 76, 413, 180, 4, '54', '0000-00-00', '2016-02-04 18:00:54', '2016-02-05 19:51:02', '0000-00-00 00:00:00', 0, ' ', 1),
(342, 76, 418, 181, 3, 'th', '0000-00-00', '2016-02-04 18:10:34', '2016-02-05 19:49:17', '0000-00-00 00:00:00', 0, ' ', 1),
(343, 76, 419, 180, 4, '2016020442476', '0000-00-00', '2016-02-04 18:12:24', '2016-02-04 18:12:24', '0000-00-00 00:00:00', 0, ' ', 0),
(344, 81, 420, 264, 3, '201602045381', '0000-00-00', '2016-02-04 20:49:53', '2016-02-05 05:55:30', '0000-00-00 00:00:00', 0, 'bbbbb', 2),
(345, 81, 421, 265, 2, '201602043381', '0000-00-00', '2016-02-04 22:51:33', '2016-02-05 19:33:09', '0000-00-00 00:00:00', 0, 'Comentarios XD....', 1),
(346, 81, 422, 266, 2, '201602045581', '0000-00-00', '2016-02-05 00:37:55', '2016-02-05 19:32:41', '0000-00-00 00:00:00', 0, 'Mis comentarios....', 3),
(347, 81, 423, 259, 1, '2016020443181', '0000-00-00', '2016-02-05 00:38:31', '2016-02-05 20:11:02', '0000-00-00 00:00:00', 0, ' ', 1),
(348, 81, 424, 267, 2, '201602043281', '0000-00-00', '2016-02-05 04:56:32', '2016-02-13 02:15:43', '0000-00-00 00:00:00', 0, 'No tengo nada que comentar...', 1),
(349, 81, 425, 268, 4, '201602055481', '0000-00-00', '2016-02-05 20:13:54', '2016-02-05 20:13:54', '0000-00-00 00:00:00', 0, 'Estos son mis comentarios XD...', 0),
(350, 81, 426, 259, 2, '2016020554181', '0000-00-00', '2016-02-05 20:56:41', '2016-02-11 06:20:14', '0000-00-00 00:00:00', 0, ' ', 3),
(351, 81, 427, 269, 2, '201602055181', '0000-00-00', '2016-02-05 20:57:51', '2016-02-05 20:57:51', '0000-00-00 00:00:00', 0, 'hhh....', 0),
(352, 81, 428, 270, 3, '201602054081', '0000-00-00', '2016-02-05 20:58:40', '2016-02-16 18:39:39', '0000-00-00 00:00:00', 0, 'jkkjkjkkj....', 3),
(353, 81, 429, 271, 2, '201602054881', '0000-00-00', '2016-02-06 00:53:48', '2016-02-06 00:53:48', '0000-00-00 00:00:00', 0, 'No tengo q comentar XD..', 0),
(354, 81, 430, 259, 2, '2016020555181', '0000-00-00', '2016-02-06 01:23:51', '2016-02-16 09:08:34', '0000-00-00 00:00:00', 0, ' ', 2),
(363, 81, 439, 278, 4, '201602060181', '0000-00-00', '2016-02-06 19:30:01', '2016-02-17 11:53:57', '0000-00-00 00:00:00', 0, 'bnnbnbnb', 3),
(364, 81, 440, 264, 4, '2016020664181', '0000-00-00', '2016-02-06 19:30:41', '2016-02-16 09:08:19', '0000-00-00 00:00:00', 0, ' ', 1),
(365, 81, 441, 279, 2, '201602063681', '0000-00-00', '2016-02-06 19:31:36', '2016-02-17 11:53:44', '0000-00-00 00:00:00', 0, 'fgfgbbgbgf..', 1),
(369, 82, 445, 283, 2, '201602083182', '0000-00-00', '2016-02-08 17:40:31', '2016-02-08 17:40:31', '0000-00-00 00:00:00', 0, 'tyyttyty...', 0),
(371, 82, 447, 285, 3, '20160208182', '0000-00-00', '2016-02-08 17:44:21', '2016-02-08 17:44:21', '0000-00-00 00:00:00', 0, 'qaqqaqa', 0),
(372, 82, 451, 289, 2, '451', '0000-00-00', '2016-02-08 17:59:14', '2016-02-08 17:59:14', '0000-00-00 00:00:00', 0, 'ssasa', 0),
(373, 82, 452, 290, 2, '2016020845282', '0000-00-00', '2016-02-08 18:01:26', '2016-02-08 18:01:26', '0000-00-00 00:00:00', 0, '', 0),
(374, 82, 453, 291, 2, '2016020845382', '0000-00-00', '2016-02-08 18:05:24', '2016-02-08 18:05:24', '0000-00-00 00:00:00', 0, 'ewewewe', 0),
(376, 82, 455, 287, 2, '2016020845582', '0000-00-00', '2016-02-08 18:08:44', '2016-02-08 18:08:44', '0000-00-00 00:00:00', 0, ' ', 0),
(378, 82, 457, 293, 3, '2016020845782', '0000-00-00', '2016-02-08 21:02:34', '2016-02-08 21:02:34', '0000-00-00 00:00:00', 0, 'hjjhjhjh', 0),
(382, 82, 461, 295, 4, '2016020846182', '0000-00-00', '2016-02-08 22:28:09', '2016-02-08 22:28:09', '0000-00-00 00:00:00', 0, 'ghhgghhg', 0),
(383, 82, 462, 296, 2, '2016020846282', '0000-00-00', '2016-02-08 22:30:04', '2016-02-08 22:30:04', '0000-00-00 00:00:00', 0, 'gfgfgf...', 0),
(385, 82, 464, 297, 1, '2016020946482', '0000-00-00', '2016-02-09 17:31:52', '2016-02-09 17:31:52', '0000-00-00 00:00:00', 0, '', 0),
(389, 82, 468, 299, 3, '2016020946882', '0000-00-00', '2016-02-09 18:02:12', '2016-02-09 18:02:12', '0000-00-00 00:00:00', 0, '', 0),
(390, 82, 469, 300, 3, '2016020946982', '0000-00-00', '2016-02-09 18:03:36', '2016-02-09 18:03:36', '0000-00-00 00:00:00', 0, 'XD', 0),
(394, 82, 473, 301, 3, '2016020947382', '0000-00-00', '2016-02-09 18:06:31', '2016-02-09 18:06:31', '0000-00-00 00:00:00', 0, 'xxxx', 0),
(395, 82, 474, 302, 1, '2016020947482', '0000-00-00', '2016-02-09 18:07:30', '2016-02-09 18:07:30', '0000-00-00 00:00:00', 0, 'xxxx', 0),
(396, 82, 475, 303, 1, '2016020947582', '0000-00-00', '2016-02-09 18:08:26', '2016-02-09 18:08:26', '0000-00-00 00:00:00', 0, 'jjjj', 0),
(397, 82, 476, 304, 1, '2016020947682', '0000-00-00', '2016-02-09 18:09:25', '2016-02-09 18:09:25', '0000-00-00 00:00:00', 0, 'kkkkk', 0),
(398, 82, 477, 305, 2, '2016020947782', '0000-00-00', '2016-02-09 18:10:21', '2016-02-09 18:10:21', '0000-00-00 00:00:00', 0, '', 0),
(399, 82, 478, 306, 1, '2016020947882', '0000-00-00', '2016-02-09 18:11:08', '2016-02-09 18:11:08', '0000-00-00 00:00:00', 0, 'iuiuiu', 0),
(400, 82, 479, 307, 2, '2016020947982', '0000-00-00', '2016-02-09 18:12:16', '2016-02-09 18:12:16', '0000-00-00 00:00:00', 0, 'uiuiiu', 0),
(401, 82, 480, 308, 1, '2016020948082', '0000-00-00', '2016-02-09 18:13:30', '2016-02-09 18:13:30', '0000-00-00 00:00:00', 0, 'loololol', 0),
(402, 82, 481, 309, 2, '2016020948182', '0000-00-00', '2016-02-09 18:15:28', '2016-02-09 18:15:28', '0000-00-00 00:00:00', 0, '', 0),
(403, 82, 482, 310, 1, '2016020948282', '0000-00-00', '2016-02-09 18:16:38', '2016-02-09 21:29:40', '0000-00-00 00:00:00', 0, 'imiim', 1),
(412, 83, 491, 314, 1, '2016020949183', '0000-00-00', '2016-02-10 00:43:47', '2016-02-10 00:53:52', '0000-00-00 00:00:00', 0, 'sddsdsds...', 3),
(413, 83, 492, 315, 3, '2016020949283', '0000-00-00', '2016-02-10 00:51:11', '2016-02-10 00:53:43', '0000-00-00 00:00:00', 0, 'xxxxx...', 2),
(414, 83, 493, 316, 1, '2016020949383', '0000-00-00', '2016-02-10 00:52:36', '2016-02-10 00:53:31', '0000-00-00 00:00:00', 0, 'zzz.....', 1),
(430, 85, 510, 325, 1, '2016020951085', '0000-00-00', '2016-02-10 03:45:16', '2016-02-10 03:45:16', '0000-00-00 00:00:00', 0, 'No tengo nada q comentar XD ..', 0),
(431, 85, 511, 325, 2, '2016020951185', '0000-00-00', '2016-02-10 04:12:46', '2016-02-10 04:12:46', '0000-00-00 00:00:00', 0, ' ', 0),
(432, 85, 512, 325, 4, '2016020951285', '0000-00-00', '2016-02-10 04:13:41', '2016-02-10 04:13:41', '0000-00-00 00:00:00', 0, ' ', 0),
(433, 85, 513, 325, 2, '2016020951385', '0000-00-00', '2016-02-10 04:14:46', '2016-02-10 04:14:46', '0000-00-00 00:00:00', 0, ' ', 0),
(434, 85, 514, 325, 3, '2016020951485', '0000-00-00', '2016-02-10 04:15:51', '2016-02-10 04:15:51', '0000-00-00 00:00:00', 0, ' ', 0),
(435, 85, 515, 325, 2, '2016020951585', '0000-00-00', '2016-02-10 04:17:32', '2016-02-10 04:17:32', '0000-00-00 00:00:00', 0, ' ', 0),
(436, 85, 516, 325, 3, '2016020951685', '0000-00-00', '2016-02-10 04:18:45', '2016-02-10 04:18:45', '0000-00-00 00:00:00', 0, ' ', 0),
(437, 84, 517, 326, 1, '2016020951784', '0000-00-00', '2016-02-10 04:20:58', '2016-02-15 07:28:20', '0000-00-00 00:00:00', 0, 'rfrrfrfr...', 2),
(438, 85, 518, 327, 1, '2016020951885', '0000-00-00', '2016-02-10 05:18:56', '2016-02-10 05:18:56', '0000-00-00 00:00:00', 0, 'zzzz...', 0),
(439, 85, 519, 328, 1, '2016020951985', '0000-00-00', '2016-02-10 05:20:45', '2016-02-10 05:20:45', '0000-00-00 00:00:00', 0, 'fffff...', 0),
(440, 85, 520, 329, 4, '2016020952085', '0000-00-00', '2016-02-10 05:21:43', '2016-02-10 05:21:43', '0000-00-00 00:00:00', 0, 'vvv...', 0),
(441, 85, 521, 330, 3, '2016020952185', '0000-00-00', '2016-02-10 05:22:42', '2016-02-10 05:22:42', '0000-00-00 00:00:00', 0, 'oooo....', 0),
(442, 85, 522, 331, 2, '2016020952285', '0000-00-00', '2016-02-10 05:24:03', '2016-02-10 05:24:03', '0000-00-00 00:00:00', 0, 'ssddsds...', 0),
(443, 85, 523, 331, 4, '2016020952385', '0000-00-00', '2016-02-10 05:25:22', '2016-02-10 05:25:22', '0000-00-00 00:00:00', 0, ' ', 0),
(444, 85, 524, 325, 2, '2016020952485', '0000-00-00', '2016-02-10 05:26:06', '2016-02-10 05:26:06', '0000-00-00 00:00:00', 0, ' ', 0),
(445, 85, 525, 325, 3, '2016020952585', '0000-00-00', '2016-02-10 05:37:49', '2016-02-10 05:37:49', '0000-00-00 00:00:00', 0, ' ', 0),
(446, 85, 526, 325, 2, '2016020952685', '0000-00-00', '2016-02-10 05:39:53', '2016-02-10 05:39:53', '0000-00-00 00:00:00', 0, ' ', 0),
(447, 85, 527, 329, 2, '2016020952785', '0000-00-00', '2016-02-10 05:42:48', '2016-02-10 05:42:48', '0000-00-00 00:00:00', 0, ' ', 0),
(448, 85, 528, 329, 2, '2016020952885', '0000-00-00', '2016-02-10 05:50:36', '2016-02-10 05:50:36', '0000-00-00 00:00:00', 0, ' ', 0),
(449, 85, 529, 328, 2, '2016021052985', '0000-00-00', '2016-02-10 17:22:59', '2016-02-10 17:22:59', '0000-00-00 00:00:00', 0, ' ', 0),
(450, 85, 530, 328, 2, '2016021053085', '0000-00-00', '2016-02-10 17:27:43', '2016-02-10 17:27:43', '0000-00-00 00:00:00', 0, ' ', 0),
(451, 85, 531, 327, 1, '2016021053185', '0000-00-00', '2016-02-10 18:18:56', '2016-02-10 18:18:56', '0000-00-00 00:00:00', 0, ' ', 0),
(452, 85, 532, 325, 2, '2016021053285', '0000-00-00', '2016-02-10 18:19:40', '2016-02-10 18:19:40', '0000-00-00 00:00:00', 0, ' ', 0),
(453, 85, 533, 327, 1, '2016021053385', '0000-00-00', '2016-02-10 18:20:31', '2016-02-10 18:20:31', '0000-00-00 00:00:00', 0, ' ', 0),
(454, 85, 534, 329, 3, '2016021053485', '0000-00-00', '2016-02-10 18:26:32', '2016-02-10 18:26:32', '0000-00-00 00:00:00', 0, ' ', 0),
(455, 85, 535, 328, 2, '2016021053585', '0000-00-00', '2016-02-10 18:28:00', '2016-02-10 18:28:00', '0000-00-00 00:00:00', 0, ' ', 0),
(456, 85, 536, 327, 3, '2016021053685', '0000-00-00', '2016-02-10 18:29:52', '2016-02-10 18:29:52', '0000-00-00 00:00:00', 0, ' ', 0),
(457, 85, 537, 325, 2, '2016021053785', '0000-00-00', '2016-02-10 18:42:53', '2016-02-10 18:42:53', '0000-00-00 00:00:00', 0, ' ', 0),
(458, 85, 538, 331, 4, '2016021053885', '0000-00-00', '2016-02-10 18:44:36', '2016-02-10 18:44:36', '0000-00-00 00:00:00', 0, ' ', 0),
(459, 85, 539, 331, 3, '2016021053985', '0000-00-00', '2016-02-10 18:46:40', '2016-02-10 18:46:40', '0000-00-00 00:00:00', 0, ' ', 0),
(460, 85, 540, 329, 4, '2016021054085', '0000-00-00', '2016-02-10 18:48:11', '2016-02-10 18:48:11', '0000-00-00 00:00:00', 0, ' ', 0),
(461, 85, 541, 325, 4, '2016021054185', '0000-00-00', '2016-02-10 18:52:30', '2016-02-10 18:52:30', '0000-00-00 00:00:00', 0, ' ', 0),
(462, 85, 542, 327, 4, '2016021054285', '0000-00-00', '2016-02-10 18:53:12', '2016-02-10 18:53:12', '0000-00-00 00:00:00', 0, ' ', 0),
(463, 85, 543, 325, 3, '2016021054385', '0000-00-00', '2016-02-10 18:56:47', '2016-02-10 18:56:47', '0000-00-00 00:00:00', 0, ' ', 0),
(464, 85, 544, 328, 2, '2016021054485', '0000-00-00', '2016-02-10 19:02:49', '2016-02-10 19:02:49', '0000-00-00 00:00:00', 0, ' ', 0),
(465, 85, 545, 329, 3, '2016021054585', '0000-00-00', '2016-02-10 19:04:31', '2016-02-10 19:04:31', '0000-00-00 00:00:00', 0, ' ', 0),
(466, 85, 546, 327, 4, '2016021054685', '0000-00-00', '2016-02-10 19:05:13', '2016-02-10 19:05:13', '0000-00-00 00:00:00', 0, ' ', 0),
(467, 85, 547, 329, 2, '2016021054785', '0000-00-00', '2016-02-10 19:07:05', '2016-02-10 19:07:05', '0000-00-00 00:00:00', 0, ' ', 0),
(468, 85, 548, 329, 2, '2016021054885', '0000-00-00', '2016-02-10 19:08:01', '2016-02-10 19:08:01', '0000-00-00 00:00:00', 0, ' ', 0),
(469, 85, 549, 330, 2, '2016021054985', '0000-00-00', '2016-02-10 19:11:23', '2016-02-10 19:11:23', '0000-00-00 00:00:00', 0, ' ', 0),
(484, 84, 564, 336, 2, '2016021256484', '2016-02-11', '2016-02-12 20:03:53', '2016-02-12 20:03:53', '0000-00-00 00:00:00', 0, 'sddsds', 0),
(485, 84, 565, 337, 1, '2016021256584', '2016-02-12', '2016-02-12 20:05:54', '2016-02-12 20:05:54', '0000-00-00 00:00:00', 0, '', 0),
(486, 84, 566, 338, 2, '2016021256684', '2016-02-12', '2016-02-12 20:17:15', '2016-02-14 05:52:08', '0000-00-00 00:00:00', 0, 'uuuuu', 3),
(487, 84, 567, 339, 1, '2016021256784', '2016-02-12', '2016-02-12 20:22:20', '2016-02-14 05:53:51', '0000-00-00 00:00:00', 0, '', 1),
(490, 84, 570, 340, 3, '2016021257084', '2016-02-12', '2016-02-12 20:44:18', '2016-02-14 05:52:30', '0000-00-00 00:00:00', 0, '', 2),
(492, 84, 572, 341, 2, '2016021257284', '2016-02-13', '2016-02-12 20:50:38', '2016-02-14 05:51:49', '0000-00-00 00:00:00', 0, 'uuuu', 1),
(497, 84, 577, 338, 1, '2016021357784', '2016-02-13', '2016-02-13 18:06:52', '2016-02-14 05:51:27', '0000-00-00 00:00:00', 0, ' ', 2),
(500, 28, 580, 342, 1, '2016021358028', '2016-02-13', '2016-02-13 21:31:21', '2016-02-13 21:31:21', '0000-00-00 00:00:00', 0, 'kkk', 0),
(501, 28, 581, 343, 2, '2016021358128', '2016-02-13', '2016-02-13 21:33:15', '2016-02-13 21:33:15', '0000-00-00 00:00:00', 0, '', 0),
(502, 28, 582, 343, 1, '2016021358228', '2016-02-13', '2016-02-13 21:33:53', '2016-02-13 21:33:53', '0000-00-00 00:00:00', 0, ' ', 0),
(508, 84, 588, 326, 2, '2016021358884', '2016-02-13', '2016-02-14 04:11:53', '2016-02-14 05:50:41', '0000-00-00 00:00:00', 0, ' ', 3),
(510, 84, 590, 326, 2, '2016021459084', '2016-02-14', '2016-02-14 06:16:12', '2016-02-15 07:28:10', '0000-00-00 00:00:00', 0, ' ', 2),
(523, 87, 603, 354, 1, '2016021460387', '2016-02-14', '2016-02-14 16:49:49', '2016-02-14 16:49:49', '0000-00-00 00:00:00', 0, 'uiiuiuui...', 0),
(524, 84, 604, 355, 1, '2016021460484', '2016-02-14', '2016-02-14 20:34:42', '2016-02-14 20:41:21', '0000-00-00 00:00:00', 0, 'Mis comentarios XD ..', 1),
(525, 84, 605, 356, 2, '2016021460584', '2016-02-14', '2016-02-14 21:03:09', '2016-02-15 07:28:34', '0000-00-00 00:00:00', 0, 'XDXDXD...', 2),
(526, 88, 606, 357, 1, '2016021460688', '2016-02-14', '2016-02-14 22:29:53', '2016-02-14 22:29:53', '0000-00-00 00:00:00', 0, 'Comentarios XD', 0),
(527, 88, 607, 358, 2, '2016021460788', '2016-02-14', '2016-02-14 22:31:51', '2016-02-14 22:31:51', '0000-00-00 00:00:00', 0, 'XD', 0),
(528, 88, 608, 359, 4, '2016021460888', '2016-02-14', '2016-02-14 22:33:42', '2016-02-14 22:33:42', '0000-00-00 00:00:00', 0, '', 0),
(529, 88, 609, 360, 4, '2016021460988', '2016-02-14', '2016-02-14 22:35:08', '2016-02-14 22:35:08', '0000-00-00 00:00:00', 0, ':p', 0),
(530, 88, 610, 361, 3, '2016021461088', '2016-02-14', '2016-02-14 22:37:13', '2016-02-14 22:37:13', '0000-00-00 00:00:00', 0, '', 0),
(531, 88, 611, 357, 4, '2016021461188', '2016-02-14', '2016-02-14 22:38:04', '2016-02-14 22:38:04', '0000-00-00 00:00:00', 0, ' ', 0),
(532, 88, 612, 360, 2, '2016021461288', '2016-02-14', '2016-02-14 22:39:28', '2016-02-14 22:39:28', '0000-00-00 00:00:00', 0, ' ', 0),
(533, 88, 613, 360, 4, '2016021461388', '2016-02-14', '2016-02-14 22:40:38', '2016-02-14 22:40:38', '0000-00-00 00:00:00', 0, ' ', 0),
(534, 88, 614, 358, 4, '2016021461488', '2016-02-14', '2016-02-14 22:42:28', '2016-02-14 22:42:28', '0000-00-00 00:00:00', 0, ' ', 0),
(535, 88, 615, 362, 3, '2016021461588', '2016-02-14', '2016-02-14 22:59:28', '2016-02-14 22:59:28', '0000-00-00 00:00:00', 0, '', 0),
(536, 88, 616, 357, 3, '2016021461688', '2016-02-14', '2016-02-14 23:00:27', '2016-02-14 23:00:27', '0000-00-00 00:00:00', 0, ' ', 0),
(537, 88, 617, 363, 1, '2016021461788', '2016-02-14', '2016-02-15 00:00:50', '2016-02-15 00:00:50', '0000-00-00 00:00:00', 0, 'Comentarios inactivos XD', 0),
(538, 85, 618, 325, 3, '2016021461885', '2016-02-14', '2016-02-15 03:31:20', '2016-02-15 03:31:20', '0000-00-00 00:00:00', 0, ' ', 0),
(539, 84, 619, 356, 2, '2016021461984', '2016-02-14', '2016-02-15 04:08:26', '2016-02-15 07:28:00', '0000-00-00 00:00:00', 0, ' ', 2),
(540, 31, 620, 364, 1, '2016021462031', '2016-02-14', '2016-02-15 04:16:20', '2016-02-15 04:16:20', '0000-00-00 00:00:00', 0, 'Comentarios XD ...', 0),
(541, 84, 621, 365, 3, '2016021562184', '2016-02-15', '2016-02-15 07:53:19', '2016-02-15 07:54:21', '0000-00-00 00:00:00', 0, 'Comentarios XD..', 1),
(542, 84, 622, 340, 1, '2016021562284', '2016-02-15', '2016-02-15 17:17:58', '2016-02-15 17:17:58', '0000-00-00 00:00:00', 0, ' ', 0),
(543, 88, 623, 363, 2, '2016021562388', '2016-02-15', '2016-02-16 02:41:49', '2016-02-16 02:41:49', '0000-00-00 00:00:00', 0, ' ', 0),
(544, 84, 624, 341, 1, '2016021662484', '2016-02-16', '2016-02-16 09:01:31', '2016-02-16 09:01:31', '0000-00-00 00:00:00', 0, ' ', 0),
(545, 84, 625, 366, 3, '2016021662584', '2016-02-16', '2016-02-16 09:02:59', '2016-02-16 09:02:59', '0000-00-00 00:00:00', 0, 'dfdffd', 0),
(546, 84, 626, 367, 4, '2016021662684', '2016-02-16', '2016-02-16 09:04:15', '2016-02-16 09:04:15', '0000-00-00 00:00:00', 0, 'hghntthrthrt', 0),
(547, 84, 627, 340, 4, '2016021662784', '2016-02-16', '2016-02-16 09:36:17', '2016-02-17 11:54:53', '0000-00-00 00:00:00', 0, ' ', 3),
(548, 84, 628, 366, 4, '2016021662884', '2016-02-16', '2016-02-16 18:38:35', '2016-02-17 11:54:32', '0000-00-00 00:00:00', 0, ' ', 2),
(549, 88, 629, 363, 2, '2016021762988', '2016-02-17', '2016-02-17 11:23:43', '2016-02-17 11:23:43', '0000-00-00 00:00:00', 0, ' ', 0),
(550, 88, 630, 368, 4, '2016021763088', '2016-02-17', '2016-02-17 11:24:46', '2016-02-17 11:24:46', '0000-00-00 00:00:00', 0, 'fdfdfdfdfd...', 0),
(551, 88, 631, 369, 2, '2016021763188', '2016-02-17', '2016-02-17 11:26:34', '2016-02-17 11:26:34', '0000-00-00 00:00:00', 0, 'trhtrtrthrht', 0),
(552, 90, 632, 370, 4, '2016021763290', '2016-02-17', '2016-02-17 11:29:48', '2016-02-17 11:29:48', '0000-00-00 00:00:00', 0, 'retbvtrbrtbr', 0),
(553, 90, 633, 371, 3, '2016021763390', '2016-02-17', '2016-02-17 11:32:08', '2016-02-17 11:32:08', '0000-00-00 00:00:00', 0, '', 0),
(554, 90, 634, 370, 3, '2016021763490', '2016-02-17', '2016-02-17 11:36:57', '2016-02-17 11:36:57', '0000-00-00 00:00:00', 0, ' ', 0),
(555, 90, 635, 371, 2, '2016021763590', '2016-02-17', '2016-02-17 11:40:39', '2016-02-17 11:40:39', '0000-00-00 00:00:00', 0, ' ', 0),
(556, 90, 636, 372, 2, '2016021763690', '2016-02-17', '2016-02-17 11:48:05', '2016-02-17 11:48:05', '0000-00-00 00:00:00', 0, 'gergtergerg', 0),
(557, 90, 637, 373, 2, '2016021763790', '2016-02-17', '2016-02-17 11:49:32', '2016-02-17 11:49:32', '0000-00-00 00:00:00', 0, 'egrtergreg', 0),
(558, 90, 638, 374, 3, '2016021763890', '2016-02-17', '2016-02-17 11:51:27', '2016-02-17 11:51:27', '0000-00-00 00:00:00', 0, '', 0),
(559, 90, 639, 371, 1, '2016021763990', '2016-02-17', '2016-02-17 11:52:48', '2016-02-20 00:22:43', '0000-00-00 00:00:00', 0, ' ', 2),
(560, 84, 640, 340, 1, '2016021864084', '2016-02-18', '2016-02-18 22:39:29', '2016-02-20 01:02:58', '0000-00-00 00:00:00', 0, ' ', 2),
(561, 92, 641, 375, 2, '2016022064192', '2016-02-20', '2016-02-20 20:01:06', '2016-02-20 20:01:06', '0000-00-00 00:00:00', 0, 'Comentarios :p XD', 0),
(562, 92, 642, 375, 3, '2016022064292', '2016-02-20', '2016-02-21 02:55:27', '2016-02-21 02:55:27', '0000-00-00 00:00:00', 0, ' ', 0),
(563, 92, 643, 375, 2, '2016022064392', '2016-02-20', '2016-02-21 03:11:38', '2016-02-21 03:11:38', '0000-00-00 00:00:00', 0, ' ', 0),
(564, 92, 644, 375, 3, '2016022064492', '2016-02-20', '2016-02-21 03:36:49', '2016-02-21 03:36:49', '0000-00-00 00:00:00', 0, ' ', 0),
(565, 92, 645, 375, 1, '2016022064592', '2016-02-20', '2016-02-21 03:38:01', '2016-02-21 03:38:01', '0000-00-00 00:00:00', 0, ' ', 0),
(566, 92, 646, 375, 4, '2016022064692', '2016-02-20', '2016-02-21 03:39:07', '2016-02-21 03:39:07', '0000-00-00 00:00:00', 0, ' ', 0),
(567, 92, 647, 375, 2, '2016022064792', '2016-02-20', '2016-02-21 03:40:32', '2016-02-21 03:40:32', '0000-00-00 00:00:00', 0, ' ', 0),
(568, 92, 648, 375, 4, '2016022064892', '2016-02-20', '2016-02-21 03:44:28', '2016-02-21 03:44:28', '0000-00-00 00:00:00', 0, ' ', 0),
(569, 92, 649, 375, 3, '2016022064992', '2016-02-20', '2016-02-21 03:45:07', '2016-02-21 03:45:07', '0000-00-00 00:00:00', 0, ' ', 0),
(570, 92, 650, 375, 3, '2016022065092', '2016-02-20', '2016-02-21 03:48:14', '2016-02-21 03:48:14', '0000-00-00 00:00:00', 0, ' ', 0),
(571, 92, 651, 375, 2, '2016022065192', '2016-02-20', '2016-02-21 03:50:46', '2016-02-21 03:50:46', '0000-00-00 00:00:00', 0, ' ', 0),
(572, 92, 652, 375, 3, '2016022065292', '2016-02-20', '2016-02-21 03:53:53', '2016-02-21 03:53:53', '0000-00-00 00:00:00', 0, ' ', 0),
(573, 92, 653, 375, 4, '2016022065392', '2016-02-20', '2016-02-21 03:57:59', '2016-02-21 03:57:59', '0000-00-00 00:00:00', 0, ' ', 0),
(574, 92, 0, 0, 0, '2016022092', '2016-02-20', '2016-02-21 04:38:31', '2016-02-21 04:38:31', '0000-00-00 00:00:00', 0, ' ', 0),
(575, 92, 0, 0, 0, '2016022092', '2016-02-20', '2016-02-21 04:46:04', '2016-02-21 04:46:04', '0000-00-00 00:00:00', 0, ' ', 0),
(576, 92, 0, 0, 0, '2016022092', '2016-02-20', '2016-02-21 04:48:22', '2016-02-21 04:48:22', '0000-00-00 00:00:00', 0, ' ', 0),
(577, 92, 0, 0, 0, '2016022092', '2016-02-20', '2016-02-21 04:52:54', '2016-02-21 04:52:54', '0000-00-00 00:00:00', 0, ' ', 0),
(578, 92, 654, 375, 3, '2016022065492', '2016-02-20', '2016-02-21 04:56:53', '2016-02-21 04:56:53', '0000-00-00 00:00:00', 0, ' ', 0),
(579, 92, 655, 375, 3, '2016022065592', '2016-02-20', '2016-02-21 04:58:29', '2016-02-21 04:58:29', '0000-00-00 00:00:00', 0, ' ', 0),
(580, 92, 656, 376, 2, '2016022065692', '2016-02-20', '2016-02-21 04:59:14', '2016-02-21 04:59:14', '0000-00-00 00:00:00', 0, 'regerge', 0),
(581, 92, 657, 376, 2, '2016022065792', '2016-02-20', '2016-02-21 05:25:42', '2016-02-21 05:25:42', '0000-00-00 00:00:00', 0, ' ', 0),
(582, 92, 658, 377, 3, '2016022065892', '2016-02-20', '2016-02-21 05:26:52', '2016-02-21 05:26:52', '0000-00-00 00:00:00', 0, 'ergfergert', 0),
(583, 92, 659, 377, 3, '2016022065992', '2016-02-20', '2016-02-21 05:30:48', '2016-02-21 05:30:48', '0000-00-00 00:00:00', 0, ' ', 0),
(584, 92, 660, 376, 2, '2016022066092', '2016-02-20', '2016-02-21 05:31:56', '2016-02-21 05:31:56', '0000-00-00 00:00:00', 0, ' ', 0),
(585, 84, 661, 340, 3, '2016022066184', '2016-02-20', '2016-02-21 05:33:24', '2016-02-21 05:33:24', '0000-00-00 00:00:00', 0, ' ', 0),
(586, 84, 662, 339, 3, '2016022066284', '2016-02-20', '2016-02-21 05:34:59', '2016-02-21 05:34:59', '0000-00-00 00:00:00', 0, ' ', 0),
(587, 84, 663, 339, 2, '2016022066384', '2016-02-20', '2016-02-21 05:35:59', '2016-02-21 05:35:59', '0000-00-00 00:00:00', 0, ' ', 0),
(588, 84, 664, 338, 2, '2016022066484', '2016-02-20', '2016-02-21 05:38:40', '2016-02-21 05:38:40', '0000-00-00 00:00:00', 0, ' ', 0),
(589, 84, 665, 341, 2, '2016022066584', '2016-02-20', '2016-02-21 05:41:03', '2016-02-21 05:41:03', '0000-00-00 00:00:00', 0, ' ', 0),
(590, 84, 666, 337, 1, '2016022066684', '2016-02-20', '2016-02-21 05:43:24', '2016-02-21 05:43:24', '0000-00-00 00:00:00', 0, ' ', 0),
(591, 84, 667, 340, 3, '2016022066784', '2016-02-20', '2016-02-21 05:45:20', '2016-02-21 05:45:20', '0000-00-00 00:00:00', 0, ' ', 0),
(592, 84, 668, 341, 2, '2016022066884', '2016-02-20', '2016-02-21 05:48:02', '2016-02-21 05:48:02', '0000-00-00 00:00:00', 0, ' ', 0),
(593, 84, 669, 337, 3, '2016022066984', '2016-02-20', '2016-02-21 05:49:18', '2016-02-21 05:49:18', '0000-00-00 00:00:00', 0, ' ', 0),
(594, 84, 670, 337, 2, '2016022067084', '2016-02-20', '2016-02-21 05:51:07', '2016-02-21 05:51:07', '0000-00-00 00:00:00', 0, ' ', 0),
(595, 84, 0, 0, 0, '2016022184', '2016-02-21', '2016-02-21 16:28:57', '2016-02-21 16:28:57', '0000-00-00 00:00:00', 0, ' ', 0),
(596, 84, 0, 0, 0, '2016022184', '2016-02-21', '2016-02-21 16:30:24', '2016-02-21 16:30:24', '0000-00-00 00:00:00', 0, ' ', 0),
(597, 84, 0, 0, 0, '2016022184', '2016-02-21', '2016-02-21 16:31:32', '2016-02-21 16:31:32', '0000-00-00 00:00:00', 0, ' ', 0),
(598, 84, 671, 341, 1, '2016022167184', '2016-02-21', '2016-02-21 16:33:15', '2016-02-21 16:33:15', '0000-00-00 00:00:00', 0, ' ', 0),
(599, 84, 0, 0, 0, '2016022184', '2016-02-21', '2016-02-21 16:35:31', '2016-02-21 16:35:31', '0000-00-00 00:00:00', 0, ' ', 0),
(600, 84, 0, 0, 0, '2016022184', '2016-02-21', '2016-02-21 16:43:51', '2016-02-21 16:43:51', '0000-00-00 00:00:00', 0, ' ', 0),
(601, 84, 0, 0, 0, '2016022184', '2016-02-21', '2016-02-21 16:47:28', '2016-02-21 16:47:28', '0000-00-00 00:00:00', 0, ' ', 0),
(602, 84, 0, 0, 0, '2016022184', '2016-02-21', '2016-02-21 16:48:27', '2016-02-21 16:48:27', '0000-00-00 00:00:00', 0, ' ', 0),
(603, 84, 0, 0, 0, '2016022184', '2016-02-21', '2016-02-21 16:50:45', '2016-02-21 16:50:45', '0000-00-00 00:00:00', 0, ' ', 0),
(604, 84, 0, 0, 0, '2016022184', '2016-02-21', '2016-02-21 17:35:31', '2016-02-21 17:35:31', '0000-00-00 00:00:00', 0, ' ', 0),
(605, 84, 672, 341, 1, '2016022167284', '2016-02-21', '2016-02-21 17:38:28', '2016-02-21 17:38:28', '0000-00-00 00:00:00', 0, ' ', 0),
(606, 84, 0, 0, 0, '2016022184', '2016-02-21', '2016-02-21 17:39:17', '2016-02-21 17:39:17', '0000-00-00 00:00:00', 0, ' ', 0),
(607, 84, 0, 0, 0, '2016022184', '2016-02-21', '2016-02-21 17:43:53', '2016-02-21 17:43:53', '0000-00-00 00:00:00', 0, ' ', 0),
(608, 84, 0, 0, 0, '2016022184', '2016-02-21', '2016-02-21 17:44:56', '2016-02-21 17:44:56', '0000-00-00 00:00:00', 0, ' ', 0),
(609, 84, 0, 0, 0, '2016022184', '2016-02-21', '2016-02-21 17:46:38', '2016-02-21 17:46:38', '0000-00-00 00:00:00', 0, ' ', 0),
(610, 84, 0, 0, 0, '2016022184', '2016-02-21', '2016-02-21 17:48:00', '2016-02-21 17:48:00', '0000-00-00 00:00:00', 0, ' ', 0),
(611, 84, 0, 0, 0, '2016022184', '2016-02-21', '2016-02-21 17:48:57', '2016-02-21 17:48:57', '0000-00-00 00:00:00', 0, ' ', 0),
(612, 84, 0, 0, 0, '2016022184', '2016-02-21', '2016-02-21 17:50:15', '2016-02-21 17:50:15', '0000-00-00 00:00:00', 0, ' ', 0),
(613, 84, 673, 341, 3, '2016022167384', '2016-02-21', '2016-02-21 17:51:58', '2016-02-21 17:51:58', '0000-00-00 00:00:00', 0, ' ', 0),
(614, 84, 674, 337, 3, '2016022167484', '2016-02-21', '2016-02-21 17:56:39', '2016-02-21 17:56:39', '0000-00-00 00:00:00', 0, ' ', 0),
(615, 84, 675, 338, 3, '2016022167584', '2016-02-21', '2016-02-21 18:01:31', '2016-02-21 18:01:31', '0000-00-00 00:00:00', 0, ' ', 0),
(616, 84, 0, 0, 0, '2016022184', '2016-02-21', '2016-02-21 18:05:02', '2016-02-21 18:05:02', '0000-00-00 00:00:00', 0, ' ', 0),
(617, 84, 676, 337, 2, '2016022167684', '2016-02-21', '2016-02-21 18:05:49', '2016-02-21 18:05:49', '0000-00-00 00:00:00', 0, ' ', 0),
(618, 84, 0, 0, 0, '2016022184', '2016-02-21', '2016-02-21 18:10:27', '2016-02-21 18:10:27', '0000-00-00 00:00:00', 0, ' ', 0),
(619, 84, 677, 340, 2, '2016022167784', '2016-02-21', '2016-02-21 18:19:08', '2016-02-21 18:19:08', '0000-00-00 00:00:00', 0, ' ', 0),
(620, 84, 0, 0, 0, '2016022184', '2016-02-21', '2016-02-21 18:20:45', '2016-02-21 18:20:45', '0000-00-00 00:00:00', 0, ' ', 0),
(621, 84, 0, 0, 0, '2016022184', '2016-02-21', '2016-02-21 18:28:30', '2016-02-21 18:28:30', '0000-00-00 00:00:00', 0, ' ', 0),
(622, 84, 678, 338, 3, '2016022167884', '2016-02-21', '2016-02-21 18:29:26', '2016-02-21 18:29:26', '0000-00-00 00:00:00', 0, ' ', 0),
(623, 84, 0, 0, 0, '2016022184', '2016-02-21', '2016-02-21 18:32:37', '2016-02-21 18:32:37', '0000-00-00 00:00:00', 0, ' ', 0),
(624, 84, 0, 0, 0, '2016022184', '2016-02-21', '2016-02-21 18:37:01', '2016-02-21 18:37:01', '0000-00-00 00:00:00', 0, ' ', 0),
(625, 84, 0, 0, 0, '2016022184', '2016-02-21', '2016-02-21 18:40:38', '2016-02-21 18:40:38', '0000-00-00 00:00:00', 0, ' ', 0),
(626, 84, 679, 340, 4, '2016022167984', '2016-02-21', '2016-02-21 18:42:30', '2016-02-21 18:42:30', '0000-00-00 00:00:00', 0, ' ', 0),
(627, 84, 680, 338, 2, '2016022168084', '2016-02-21', '2016-02-21 18:44:02', '2016-02-21 18:44:02', '0000-00-00 00:00:00', 0, ' ', 0),
(628, 84, 681, 340, 3, '2016022168184', '2016-02-21', '2016-02-21 18:45:05', '2016-02-21 18:45:05', '0000-00-00 00:00:00', 0, ' ', 0),
(629, 84, 0, 0, 0, '2016022184', '2016-02-21', '2016-02-21 18:56:07', '2016-02-21 18:56:07', '0000-00-00 00:00:00', 0, ' ', 0),
(630, 84, 0, 0, 0, '2016022184', '2016-02-21', '2016-02-21 18:57:27', '2016-02-21 18:57:27', '0000-00-00 00:00:00', 0, ' ', 0),
(631, 84, 0, 0, 0, '2016022184', '2016-02-21', '2016-02-21 18:59:07', '2016-02-21 18:59:07', '0000-00-00 00:00:00', 0, ' ', 0),
(632, 84, 0, 0, 0, '2016022184', '2016-02-21', '2016-02-21 19:00:19', '2016-02-21 19:00:19', '0000-00-00 00:00:00', 0, ' ', 0),
(633, 84, 682, 366, 2, '2016022168284', '2016-02-21', '2016-02-21 19:02:49', '2016-02-21 19:02:49', '0000-00-00 00:00:00', 0, ' ', 0),
(634, 84, 0, 0, 0, '2016022184', '2016-02-21', '2016-02-21 19:09:37', '2016-02-21 19:09:37', '0000-00-00 00:00:00', 0, ' ', 0),
(635, 84, 683, 378, 2, '2016022168384', '2016-02-21', '2016-02-21 19:12:41', '2016-02-21 19:12:41', '0000-00-00 00:00:00', 0, 'gergerger', 0),
(636, 84, 0, 0, 0, '2016022184', '2016-02-21', '2016-02-21 19:24:17', '2016-02-21 19:24:17', '0000-00-00 00:00:00', 0, ' ', 0),
(637, 84, 684, 340, 2, '2016022168484', '2016-02-21', '2016-02-21 19:51:50', '2016-02-21 19:51:50', '0000-00-00 00:00:00', 0, ' ', 0),
(638, 84, 0, 0, 0, '2016022184', '2016-02-21', '2016-02-21 20:09:46', '2016-02-21 20:09:46', '0000-00-00 00:00:00', 0, ' ', 0),
(639, 84, 0, 0, 0, '2016022184', '2016-02-21', '2016-02-21 20:18:30', '2016-02-21 20:18:30', '0000-00-00 00:00:00', 0, ' ', 0),
(640, 84, 685, 341, 3, '2016022168584', '2016-02-21', '2016-02-21 20:20:44', '2016-02-21 20:20:44', '0000-00-00 00:00:00', 0, ' ', 0),
(641, 84, 686, 379, 3, '2016022168684', '2016-02-21', '2016-02-21 20:22:13', '2016-02-21 20:22:13', '0000-00-00 00:00:00', 0, 'XD...', 0),
(642, 84, 687, 380, 3, '2016022168784', '2016-02-21', '2016-02-21 20:24:14', '2016-02-21 20:24:14', '0000-00-00 00:00:00', 0, ':p ...', 0),
(643, 84, 0, 0, 0, '2016022184', '2016-02-21', '2016-02-22 02:25:02', '2016-02-22 02:25:02', '0000-00-00 00:00:00', 0, ' ', 0),
(644, 84, 688, 0, 3, '2016022268884', '2016-02-22', '2016-02-22 17:43:27', '2016-02-22 17:43:27', '0000-00-00 00:00:00', 0, ' ', 0),
(645, 84, 689, 355, 2, '2016022268984', '2016-02-22', '2016-02-22 18:17:11', '2016-02-22 18:17:11', '0000-00-00 00:00:00', 1, ' ', 0),
(646, 84, 690, 0, 3, '2016022269084', '2016-02-22', '2016-02-22 18:18:08', '2016-02-22 18:18:08', '0000-00-00 00:00:00', 0, ' ', 0),
(647, 84, 691, 381, 1, '2016022269184', '2016-02-22', '2016-02-22 18:21:09', '2016-02-22 18:21:09', '0000-00-00 00:00:00', 1, 'xsxsxsxs', 0),
(648, 84, 692, 382, 1, '2016022269284', '2016-02-22', '2016-02-22 18:24:56', '2016-02-22 18:24:56', '0000-00-00 00:00:00', 1, 'Sin comentarios XD ...', 0),
(649, 84, 693, 366, 3, '2016022269384', '2016-02-22', '2016-02-22 18:30:27', '2016-02-22 18:30:27', '0000-00-00 00:00:00', 1, ' ', 0),
(650, 84, 694, 0, 1, '2016022269484', '2016-02-22', '2016-02-22 18:36:23', '2016-02-22 18:36:23', '0000-00-00 00:00:00', 0, ' ', 0),
(651, 84, 695, 0, 1, '2016022269584', '2016-02-22', '2016-02-22 19:41:59', '2016-02-22 19:41:59', '0000-00-00 00:00:00', 0, ' ', 0);

-- --------------------------------------------------------

--
-- Estructura de tabla para la tabla `pedido_detalle`
--

CREATE TABLE IF NOT EXISTS `pedido_detalle` (
  `id` int(10) unsigned NOT NULL,
  `pedido_id` int(10) unsigned NOT NULL,
  `producto_id` int(10) unsigned NOT NULL,
  `cantidad` double NOT NULL,
  `created_at` timestamp NOT NULL DEFAULT '0000-00-00 00:00:00',
  `updated_at` timestamp NOT NULL DEFAULT '0000-00-00 00:00:00'
) ENGINE=InnoDB AUTO_INCREMENT=569 DEFAULT CHARSET=utf8 COLLATE=utf8_unicode_ci;

--
-- Volcado de datos para la tabla `pedido_detalle`
--

INSERT INTO `pedido_detalle` (`id`, `pedido_id`, `producto_id`, `cantidad`, `created_at`, `updated_at`) VALUES
(49, 326, 5, 21, '2016-02-04 10:53:08', '2016-02-04 10:53:08'),
(50, 326, 2, 3, '2016-02-04 10:53:08', '2016-02-04 10:53:08'),
(51, 327, 1, 11, '2016-02-04 17:19:16', '2016-02-04 17:19:16'),
(53, 328, 1, 11, '2016-02-04 17:22:53', '2016-02-04 17:22:53'),
(55, 329, 1, 11, '2016-02-04 17:24:21', '2016-02-04 17:24:21'),
(57, 330, 1, 11, '2016-02-04 17:25:01', '2016-02-04 17:25:01'),
(59, 331, 1, 11, '2016-02-04 17:26:58', '2016-02-04 17:26:58'),
(60, 331, 2, 33, '2016-02-04 17:26:58', '2016-02-04 17:26:58'),
(61, 332, 1, 16, '2016-02-04 17:29:23', '2016-02-04 17:29:23'),
(62, 332, 2, 14, '2016-02-04 17:29:23', '2016-02-04 17:29:23'),
(63, 332, 5, 78, '2016-02-04 17:29:23', '2016-02-04 17:29:23'),
(64, 333, 1, 12, '2016-02-04 17:35:54', '2016-02-04 17:35:54'),
(65, 333, 5, 29, '2016-02-04 17:35:54', '2016-02-04 17:35:54'),
(66, 334, 5, 77, '2016-02-04 17:37:59', '2016-02-04 17:37:59'),
(67, 335, 1, 22, '2016-02-04 17:42:13', '2016-02-04 17:42:13'),
(68, 336, 1, 12, '2016-02-04 17:44:04', '2016-02-04 17:44:04'),
(69, 337, 1, 2, '2016-02-04 17:47:15', '2016-02-04 17:47:15'),
(70, 338, 1, 33, '2016-02-04 17:49:56', '2016-02-04 17:49:56'),
(71, 339, 1, 13, '2016-02-04 17:52:05', '2016-02-04 17:52:05'),
(72, 340, 1, 12, '2016-02-04 17:57:10', '2016-02-04 17:57:10'),
(73, 341, 1, 2, '2016-02-04 18:00:54', '2016-02-04 18:00:54'),
(74, 342, 1, 10, '2016-02-04 18:10:34', '2016-02-04 18:10:34'),
(75, 343, 1, 22, '2016-02-04 18:12:24', '2016-02-04 18:12:24'),
(76, 344, 1, 8, '2016-02-04 20:49:53', '2016-02-04 20:49:53'),
(77, 345, 1, 20, '2016-02-04 22:51:33', '2016-02-04 22:51:33'),
(78, 345, 3, 40, '2016-02-04 22:51:33', '2016-02-04 22:51:33'),
(79, 345, 5, 60, '2016-02-04 22:51:33', '2016-02-04 22:51:33'),
(80, 346, 1, 99, '2016-02-05 00:37:55', '2016-02-05 00:37:55'),
(81, 346, 2, 66, '2016-02-05 00:37:55', '2016-02-05 00:37:55'),
(82, 347, 1, 1, '2016-02-05 00:38:31', '2016-02-05 00:38:31'),
(83, 348, 1, 30, '2016-02-05 04:56:33', '2016-02-05 04:56:33'),
(84, 348, 2, 60, '2016-02-05 04:56:33', '2016-02-05 04:56:33'),
(85, 348, 3, 90, '2016-02-05 04:56:33', '2016-02-05 04:56:33'),
(86, 349, 5, 12, '2016-02-05 20:13:54', '2016-02-05 20:13:54'),
(87, 349, 1, 44, '2016-02-05 20:13:54', '2016-02-05 20:13:54'),
(88, 350, 5, 22, '2016-02-05 20:56:41', '2016-02-05 20:56:41'),
(89, 350, 1, 5, '2016-02-05 20:56:41', '2016-02-05 20:56:41'),
(90, 351, 5, 88, '2016-02-05 20:57:51', '2016-02-05 20:57:51'),
(91, 352, 2, 11, '2016-02-05 20:58:40', '2016-02-05 20:58:40'),
(92, 353, 1, 22, '2016-02-06 00:53:48', '2016-02-06 00:53:48'),
(93, 353, 2, 42, '2016-02-06 00:53:48', '2016-02-06 00:53:48'),
(94, 353, 5, 62, '2016-02-06 00:53:48', '2016-02-06 00:53:48'),
(95, 354, 1, 66, '2016-02-06 01:23:51', '2016-02-06 01:23:51'),
(96, 354, 2, 77, '2016-02-06 01:23:51', '2016-02-06 01:23:51'),
(97, 355, 1, 44, '2016-02-06 02:51:34', '2016-02-06 02:51:34'),
(98, 355, 2, 11, '2016-02-06 02:51:34', '2016-02-06 02:51:34'),
(99, 355, 3, 44, '2016-02-06 02:51:34', '2016-02-06 02:51:34'),
(100, 356, 1, 11, '2016-02-06 03:00:25', '2016-02-06 03:00:25'),
(101, 357, 2, 6, '2016-02-06 03:01:22', '2016-02-06 03:01:22'),
(102, 357, 3, 55, '2016-02-06 03:01:22', '2016-02-06 03:01:22'),
(103, 358, 1, 11, '2016-02-06 03:03:13', '2016-02-06 03:03:13'),
(104, 358, 2, 77, '2016-02-06 03:03:13', '2016-02-06 03:03:13'),
(105, 358, 3, 88, '2016-02-06 03:03:13', '2016-02-06 03:03:13'),
(106, 359, 1, 58, '2016-02-06 03:30:31', '2016-02-06 03:30:31'),
(107, 360, 1, 12, '2016-02-06 03:39:27', '2016-02-06 03:39:27'),
(108, 360, 2, 78, '2016-02-06 03:39:27', '2016-02-06 03:39:27'),
(109, 361, 3, 39, '2016-02-06 03:40:56', '2016-02-06 03:40:56'),
(110, 362, 3, 44, '2016-02-06 03:42:17', '2016-02-06 03:42:17'),
(111, 362, 2, 33, '2016-02-06 03:42:17', '2016-02-06 03:42:17'),
(112, 362, 1, 11, '2016-02-06 03:42:17', '2016-02-06 03:42:17'),
(113, 363, 2, 12, '2016-02-06 19:30:01', '2016-02-06 19:30:01'),
(114, 363, 3, 22, '2016-02-06 19:30:02', '2016-02-06 19:30:02'),
(115, 363, 1, 55, '2016-02-06 19:30:02', '2016-02-06 19:30:02'),
(116, 364, 2, 99, '2016-02-06 19:30:41', '2016-02-06 19:30:41'),
(117, 365, 3, 66, '2016-02-06 19:31:36', '2016-02-06 19:31:36'),
(118, 366, 1, 33, '2016-02-08 17:31:55', '2016-02-08 17:31:55'),
(119, 367, 1, 44, '2016-02-08 17:35:29', '2016-02-08 17:35:29'),
(120, 368, 2, 88, '2016-02-08 17:37:48', '2016-02-08 17:37:48'),
(121, 369, 2, 12, '2016-02-08 17:40:31', '2016-02-08 17:40:31'),
(122, 370, 1, 22, '2016-02-08 17:43:10', '2016-02-08 17:43:10'),
(123, 371, 1, 11, '2016-02-08 17:44:21', '2016-02-08 17:44:21'),
(124, 372, 1, 55, '2016-02-08 17:59:14', '2016-02-08 17:59:14'),
(125, 372, 2, 99, '2016-02-08 17:59:14', '2016-02-08 17:59:14'),
(126, 373, 1, 11, '2016-02-08 18:01:26', '2016-02-08 18:01:26'),
(127, 374, 2, 22, '2016-02-08 18:05:24', '2016-02-08 18:05:24'),
(128, 375, 1, 2, '2016-02-08 18:06:34', '2016-02-08 18:06:34'),
(129, 376, 2, 11, '2016-02-08 18:08:44', '2016-02-08 18:08:44'),
(130, 377, 1, 6, '2016-02-08 18:12:54', '2016-02-08 18:12:54'),
(131, 378, 1, 29, '2016-02-08 21:02:34', '2016-02-08 21:02:34'),
(132, 378, 2, 30, '2016-02-08 21:02:34', '2016-02-08 21:02:34'),
(133, 378, 3, 15, '2016-02-08 21:02:34', '2016-02-08 21:02:34'),
(134, 379, 1, 55, '2016-02-08 21:03:23', '2016-02-08 21:03:23'),
(135, 380, 2, 91, '2016-02-08 21:05:07', '2016-02-08 21:05:07'),
(136, 380, 3, 11, '2016-02-08 21:05:07', '2016-02-08 21:05:07'),
(137, 381, 1, 60, '2016-02-08 22:25:24', '2016-02-08 22:25:24'),
(138, 381, 2, 100, '2016-02-08 22:25:24', '2016-02-08 22:25:24'),
(139, 381, 3, 22, '2016-02-08 22:25:24', '2016-02-08 22:25:24'),
(140, 382, 1, 21, '2016-02-08 22:28:09', '2016-02-08 22:28:09'),
(141, 383, 2, 33, '2016-02-08 22:30:04', '2016-02-08 22:30:04'),
(142, 384, 1, 11, '2016-02-09 16:53:52', '2016-02-09 16:53:52'),
(143, 385, 2, 22, '2016-02-09 17:31:52', '2016-02-09 17:31:52'),
(144, 386, 1, 6, '2016-02-09 17:32:30', '2016-02-09 17:32:30'),
(145, 387, 1, 33, '2016-02-09 17:32:58', '2016-02-09 17:32:58'),
(146, 388, 1, 11, '2016-02-09 17:34:42', '2016-02-09 17:34:42'),
(147, 389, 1, 11, '2016-02-09 18:02:12', '2016-02-09 18:02:12'),
(148, 390, 1, 7, '2016-02-09 18:03:36', '2016-02-09 18:03:36'),
(149, 391, 1, 44, '2016-02-09 18:04:02', '2016-02-09 18:04:02'),
(150, 392, 2, 77, '2016-02-09 18:04:33', '2016-02-09 18:04:33'),
(151, 393, 2, 8, '2016-02-09 18:05:10', '2016-02-09 18:05:10'),
(152, 394, 3, 55, '2016-02-09 18:06:31', '2016-02-09 18:06:31'),
(153, 395, 2, 99, '2016-02-09 18:07:30', '2016-02-09 18:07:30'),
(154, 396, 2, 44, '2016-02-09 18:08:26', '2016-02-09 18:08:26'),
(155, 397, 3, 77, '2016-02-09 18:09:25', '2016-02-09 18:09:25'),
(156, 398, 1, 33, '2016-02-09 18:10:21', '2016-02-09 18:10:21'),
(157, 399, 3, 66, '2016-02-09 18:11:08', '2016-02-09 18:11:08'),
(158, 400, 2, 44, '2016-02-09 18:12:16', '2016-02-09 18:12:16'),
(159, 401, 1, 78, '2016-02-09 18:13:30', '2016-02-09 18:13:30'),
(160, 402, 3, 65, '2016-02-09 18:15:28', '2016-02-09 18:15:28'),
(161, 403, 1, 32, '2016-02-09 18:16:38', '2016-02-09 18:16:38'),
(162, 404, 1, 34, '2016-02-09 18:17:37', '2016-02-09 18:17:37'),
(163, 405, 2, 45, '2016-02-09 18:19:07', '2016-02-09 18:19:07'),
(164, 406, 1, 76, '2016-02-09 18:21:17', '2016-02-09 18:21:17'),
(165, 407, 1, 87, '2016-02-09 18:24:42', '2016-02-09 18:24:42'),
(166, 407, 2, 55, '2016-02-09 18:24:42', '2016-02-09 18:24:42'),
(167, 408, 1, 2, '2016-02-09 18:25:48', '2016-02-09 18:25:48'),
(168, 409, 1, 12, '2016-02-09 18:29:35', '2016-02-09 18:29:35'),
(169, 410, 1, 12, '2016-02-09 18:34:58', '2016-02-09 18:34:58'),
(170, 411, 1, 44, '2016-02-09 18:36:14', '2016-02-09 18:36:14'),
(171, 412, 1, 19, '2016-02-10 00:43:47', '2016-02-10 00:43:47'),
(172, 413, 2, 33, '2016-02-10 00:51:11', '2016-02-10 00:51:11'),
(173, 414, 2, 11, '2016-02-10 00:52:36', '2016-02-10 00:52:36'),
(174, 414, 3, 88, '2016-02-10 00:52:36', '2016-02-10 00:52:36'),
(175, 414, 1, 23, '2016-02-10 00:52:36', '2016-02-10 00:52:36'),
(176, 415, 3, 4, '2016-02-10 00:58:51', '2016-02-10 00:58:51'),
(177, 415, 2, 3, '2016-02-10 00:58:51', '2016-02-10 00:58:51'),
(178, 415, 1, 1, '2016-02-10 00:58:51', '2016-02-10 00:58:51'),
(179, 416, 3, 88, '2016-02-10 01:00:12', '2016-02-10 01:00:12'),
(180, 417, 1, 22, '2016-02-10 01:00:55', '2016-02-10 01:00:55'),
(181, 418, 1, 49, '2016-02-10 02:28:57', '2016-02-10 02:28:57'),
(182, 419, 3, 7, '2016-02-10 02:48:35', '2016-02-10 02:48:35'),
(183, 420, 1, 44, '2016-02-10 03:02:33', '2016-02-10 03:02:33'),
(184, 420, 3, 77, '2016-02-10 03:02:33', '2016-02-10 03:02:33'),
(185, 421, 3, 3, '2016-02-10 03:03:40', '2016-02-10 03:03:40'),
(186, 422, 3, 47, '2016-02-10 03:05:05', '2016-02-10 03:05:05'),
(187, 423, 2, 9, '2016-02-10 03:13:06', '2016-02-10 03:13:06'),
(188, 424, 1, 6, '2016-02-10 03:18:16', '2016-02-10 03:18:16'),
(189, 425, 2, 21, '2016-02-10 03:19:19', '2016-02-10 03:19:19'),
(190, 426, 1, 11, '2016-02-10 03:20:51', '2016-02-10 03:20:51'),
(191, 427, 3, 21, '2016-02-10 03:21:31', '2016-02-10 03:21:31'),
(192, 428, 1, 99, '2016-02-10 03:25:58', '2016-02-10 03:25:58'),
(193, 428, 2, 99, '2016-02-10 03:25:58', '2016-02-10 03:25:58'),
(194, 428, 3, 99, '2016-02-10 03:25:58', '2016-02-10 03:25:58'),
(195, 429, 2, 1, '2016-02-10 03:30:57', '2016-02-10 03:30:57'),
(196, 430, 3, 32, '2016-02-10 03:45:16', '2016-02-10 03:45:16'),
(197, 430, 1, 23, '2016-02-10 03:45:16', '2016-02-10 03:45:16'),
(198, 431, 1, 23, '2016-02-10 04:12:46', '2016-02-10 04:12:46'),
(199, 432, 2, 23, '2016-02-10 04:13:41', '2016-02-10 04:13:41'),
(200, 433, 1, 45, '2016-02-10 04:14:46', '2016-02-10 04:14:46'),
(201, 434, 1, 11, '2016-02-10 04:15:51', '2016-02-10 04:15:51'),
(202, 435, 2, 34, '2016-02-10 04:17:32', '2016-02-10 04:17:32'),
(203, 436, 1, 5, '2016-02-10 04:18:45', '2016-02-10 04:18:45'),
(204, 437, 3, 100, '2016-02-10 04:20:58', '2016-02-10 04:20:58'),
(205, 437, 2, 100, '2016-02-10 04:20:58', '2016-02-10 04:20:58'),
(206, 437, 1, 100, '2016-02-10 04:20:58', '2016-02-10 04:20:58'),
(207, 438, 1, 1, '2016-02-10 05:18:57', '2016-02-10 05:18:57'),
(208, 438, 2, 1, '2016-02-10 05:18:57', '2016-02-10 05:18:57'),
(209, 438, 3, 1, '2016-02-10 05:18:57', '2016-02-10 05:18:57'),
(210, 439, 2, 44, '2016-02-10 05:20:45', '2016-02-10 05:20:45'),
(211, 440, 1, 55, '2016-02-10 05:21:43', '2016-02-10 05:21:43'),
(212, 441, 3, 6, '2016-02-10 05:22:42', '2016-02-10 05:22:42'),
(213, 442, 1, 88, '2016-02-10 05:24:03', '2016-02-10 05:24:03'),
(214, 443, 1, 1, '2016-02-10 05:25:22', '2016-02-10 05:25:22'),
(215, 444, 2, 1, '2016-02-10 05:26:06', '2016-02-10 05:26:06'),
(216, 444, 1, 1, '2016-02-10 05:26:06', '2016-02-10 05:26:06'),
(217, 445, 1, 11, '2016-02-10 05:37:49', '2016-02-10 05:37:49'),
(218, 446, 3, 45, '2016-02-10 05:39:53', '2016-02-10 05:39:53'),
(219, 447, 1, 1, '2016-02-10 05:42:48', '2016-02-10 05:42:48'),
(220, 448, 1, 22, '2016-02-10 05:50:36', '2016-02-10 05:50:36'),
(221, 448, 2, 55, '2016-02-10 05:50:36', '2016-02-10 05:50:36'),
(222, 449, 1, 56, '2016-02-10 17:22:59', '2016-02-10 17:22:59'),
(223, 450, 1, 56, '2016-02-10 17:27:43', '2016-02-10 17:27:43'),
(224, 450, 2, 23, '2016-02-10 17:27:43', '2016-02-10 17:27:43'),
(225, 450, 3, 8, '2016-02-10 17:27:43', '2016-02-10 17:27:43'),
(226, 451, 1, 56, '2016-02-10 18:18:56', '2016-02-10 18:18:56'),
(227, 451, 2, 23, '2016-02-10 18:18:56', '2016-02-10 18:18:56'),
(228, 451, 3, 8, '2016-02-10 18:18:56', '2016-02-10 18:18:56'),
(229, 452, 1, 56, '2016-02-10 18:19:40', '2016-02-10 18:19:40'),
(230, 452, 2, 23, '2016-02-10 18:19:40', '2016-02-10 18:19:40'),
(231, 452, 3, 8, '2016-02-10 18:19:40', '2016-02-10 18:19:40'),
(232, 453, 1, 56, '2016-02-10 18:20:31', '2016-02-10 18:20:31'),
(233, 453, 2, 23, '2016-02-10 18:20:31', '2016-02-10 18:20:31'),
(234, 453, 3, 8, '2016-02-10 18:20:31', '2016-02-10 18:20:31'),
(235, 454, 1, 56, '2016-02-10 18:26:32', '2016-02-10 18:26:32'),
(236, 454, 2, 23, '2016-02-10 18:26:32', '2016-02-10 18:26:32'),
(237, 454, 3, 8, '2016-02-10 18:26:32', '2016-02-10 18:26:32'),
(238, 455, 1, 56, '2016-02-10 18:28:00', '2016-02-10 18:28:00'),
(239, 455, 2, 23, '2016-02-10 18:28:00', '2016-02-10 18:28:00'),
(240, 455, 3, 8, '2016-02-10 18:28:00', '2016-02-10 18:28:00'),
(241, 456, 1, 56, '2016-02-10 18:29:52', '2016-02-10 18:29:52'),
(242, 456, 2, 23, '2016-02-10 18:29:52', '2016-02-10 18:29:52'),
(243, 456, 3, 8, '2016-02-10 18:29:52', '2016-02-10 18:29:52'),
(244, 457, 1, 56, '2016-02-10 18:42:53', '2016-02-10 18:42:53'),
(245, 457, 2, 23, '2016-02-10 18:42:53', '2016-02-10 18:42:53'),
(246, 457, 3, 8, '2016-02-10 18:42:53', '2016-02-10 18:42:53'),
(247, 458, 1, 56, '2016-02-10 18:44:36', '2016-02-10 18:44:36'),
(248, 458, 2, 23, '2016-02-10 18:44:36', '2016-02-10 18:44:36'),
(249, 458, 3, 8, '2016-02-10 18:44:37', '2016-02-10 18:44:37'),
(250, 459, 1, 56, '2016-02-10 18:46:40', '2016-02-10 18:46:40'),
(251, 459, 2, 23, '2016-02-10 18:46:40', '2016-02-10 18:46:40'),
(252, 459, 3, 8, '2016-02-10 18:46:40', '2016-02-10 18:46:40'),
(253, 460, 1, 56, '2016-02-10 18:48:11', '2016-02-10 18:48:11'),
(254, 460, 2, 23, '2016-02-10 18:48:11', '2016-02-10 18:48:11'),
(255, 460, 3, 8, '2016-02-10 18:48:11', '2016-02-10 18:48:11'),
(256, 461, 1, 56, '2016-02-10 18:52:30', '2016-02-10 18:52:30'),
(257, 461, 2, 23, '2016-02-10 18:52:30', '2016-02-10 18:52:30'),
(258, 461, 3, 8, '2016-02-10 18:52:30', '2016-02-10 18:52:30'),
(259, 462, 1, 56, '2016-02-10 18:53:12', '2016-02-10 18:53:12'),
(260, 462, 2, 23, '2016-02-10 18:53:12', '2016-02-10 18:53:12'),
(261, 462, 3, 8, '2016-02-10 18:53:12', '2016-02-10 18:53:12'),
(262, 463, 1, 56, '2016-02-10 18:56:47', '2016-02-10 18:56:47'),
(263, 463, 2, 23, '2016-02-10 18:56:47', '2016-02-10 18:56:47'),
(264, 463, 3, 8, '2016-02-10 18:56:47', '2016-02-10 18:56:47'),
(265, 464, 2, 44, '2016-02-10 19:02:49', '2016-02-10 19:02:49'),
(266, 465, 3, 22, '2016-02-10 19:04:31', '2016-02-10 19:04:31'),
(267, 466, 1, 88, '2016-02-10 19:05:13', '2016-02-10 19:05:13'),
(268, 467, 1, 88, '2016-02-10 19:07:05', '2016-02-10 19:07:05'),
(269, 468, 1, 88, '2016-02-10 19:08:01', '2016-02-10 19:08:01'),
(270, 469, 2, 99, '2016-02-10 19:11:23', '2016-02-10 19:11:23'),
(271, 470, 1, 55, '2016-02-11 08:10:58', '2016-02-11 08:10:58'),
(272, 470, 2, 80, '2016-02-11 08:10:58', '2016-02-11 08:10:58'),
(273, 470, 3, 88, '2016-02-11 08:10:58', '2016-02-11 08:10:58'),
(274, 471, 1, 55, '2016-02-11 08:11:24', '2016-02-11 08:11:24'),
(275, 471, 2, 80, '2016-02-11 08:11:24', '2016-02-11 08:11:24'),
(276, 471, 3, 88, '2016-02-11 08:11:24', '2016-02-11 08:11:24'),
(277, 472, 1, 100, '2016-02-11 08:15:46', '2016-02-11 08:15:46'),
(278, 473, 1, 87, '2016-02-12 03:28:42', '2016-02-12 03:28:42'),
(279, 473, 2, 62, '2016-02-12 03:28:42', '2016-02-12 03:28:42'),
(280, 473, 3, 7, '2016-02-12 03:28:42', '2016-02-12 03:28:42'),
(281, 474, 1, 39, '2016-02-12 18:36:00', '2016-02-12 18:36:00'),
(282, 474, 3, 15, '2016-02-12 18:36:00', '2016-02-12 18:36:00'),
(283, 474, 2, 77, '2016-02-12 18:36:00', '2016-02-12 18:36:00'),
(284, 475, 2, 21, '2016-02-12 18:37:00', '2016-02-12 18:37:00'),
(285, 476, 2, 66, '2016-02-12 18:43:21', '2016-02-12 18:43:21'),
(286, 477, 1, 67, '2016-02-12 18:47:41', '2016-02-12 18:47:41'),
(287, 477, 2, 77, '2016-02-12 18:47:41', '2016-02-12 18:47:41'),
(288, 478, 1, 9, '2016-02-12 18:48:47', '2016-02-12 18:48:47'),
(289, 479, 1, 90, '2016-02-12 18:50:25', '2016-02-12 18:50:25'),
(290, 480, 1, 77, '2016-02-12 19:07:09', '2016-02-12 19:07:09'),
(291, 481, 1, 61, '2016-02-12 19:40:32', '2016-02-12 19:40:32'),
(292, 482, 1, 61, '2016-02-12 19:42:43', '2016-02-12 19:42:43'),
(293, 483, 1, 6, '2016-02-12 19:47:37', '2016-02-12 19:47:37'),
(294, 484, 1, 6, '2016-02-12 20:03:53', '2016-02-12 20:03:53'),
(295, 485, 1, 6, '2016-02-12 20:05:54', '2016-02-12 20:05:54'),
(296, 486, 1, 69, '2016-02-12 20:17:15', '2016-02-12 20:17:15'),
(297, 487, 2, 5, '2016-02-12 20:22:20', '2016-02-12 20:22:20'),
(298, 488, 3, 1, '2016-02-12 20:23:38', '2016-02-12 20:23:38'),
(299, 489, 2, 99, '2016-02-12 20:24:52', '2016-02-12 20:24:52'),
(300, 490, 1, 10, '2016-02-12 20:44:18', '2016-02-12 20:44:18'),
(301, 490, 2, 89, '2016-02-12 20:44:18', '2016-02-12 20:44:18'),
(302, 491, 3, 77, '2016-02-12 20:46:49', '2016-02-12 20:46:49'),
(303, 492, 3, 77, '2016-02-12 20:50:38', '2016-02-12 20:50:38'),
(304, 493, 1, 10, '2016-02-12 20:52:31', '2016-02-12 20:52:31'),
(305, 493, 2, 11, '2016-02-12 20:52:31', '2016-02-12 20:52:31'),
(306, 493, 3, 12, '2016-02-12 20:52:31', '2016-02-12 20:52:31'),
(307, 494, 1, 9, '2016-02-12 22:14:51', '2016-02-12 22:14:51'),
(308, 495, 1, 1, '2016-02-13 18:02:17', '2016-02-13 18:02:17'),
(309, 495, 1, 7, '2016-02-13 18:02:17', '2016-02-13 18:02:17'),
(310, 496, 1, 8, '2016-02-13 18:04:50', '2016-02-13 18:04:50'),
(311, 497, 1, 9, '2016-02-13 18:06:52', '2016-02-13 18:06:52'),
(312, 497, 1, 1, '2016-02-13 18:06:52', '2016-02-13 18:06:52'),
(313, 498, 1, 90, '2016-02-13 19:00:00', '2016-02-13 19:00:00'),
(314, 498, 2, 67, '2016-02-13 19:00:00', '2016-02-13 19:00:00'),
(315, 498, 3, 10, '2016-02-13 19:00:00', '2016-02-13 19:00:00'),
(316, 499, 1, 9, '2016-02-13 19:18:53', '2016-02-13 19:18:53'),
(317, 500, 1, 15, '2016-02-13 21:31:21', '2016-02-13 21:31:21'),
(318, 500, 2, 22, '2016-02-13 21:31:22', '2016-02-13 21:31:22'),
(319, 500, 3, 11, '2016-02-13 21:31:22', '2016-02-13 21:31:22'),
(320, 501, 1, 15, '2016-02-13 21:33:15', '2016-02-13 21:33:15'),
(321, 501, 2, 22, '2016-02-13 21:33:15', '2016-02-13 21:33:15'),
(322, 501, 3, 11, '2016-02-13 21:33:15', '2016-02-13 21:33:15'),
(323, 502, 2, 4, '2016-02-13 21:33:53', '2016-02-13 21:33:53'),
(324, 503, 1, 9, '2016-02-14 02:37:53', '2016-02-14 02:37:53'),
(325, 504, 1, 9, '2016-02-14 03:55:33', '2016-02-14 03:55:33'),
(326, 505, 2, 7, '2016-02-14 03:57:26', '2016-02-14 03:57:26'),
(327, 506, 3, 9, '2016-02-14 03:58:34', '2016-02-14 03:58:34'),
(328, 507, 1, 9, '2016-02-14 04:10:33', '2016-02-14 04:10:33'),
(329, 508, 3, 5, '2016-02-14 04:11:53', '2016-02-14 04:11:53'),
(330, 509, 1, 89, '2016-02-14 04:14:07', '2016-02-14 04:14:07'),
(331, 510, 2, 3, '2016-02-14 06:16:12', '2016-02-14 06:16:12'),
(332, 511, 1, 3, '2016-02-14 08:21:46', '2016-02-14 08:21:46'),
(333, 511, 2, 7, '2016-02-14 08:21:46', '2016-02-14 08:21:46'),
(334, 511, 3, 8, '2016-02-14 08:21:46', '2016-02-14 08:21:46'),
(335, 511, 2, 9, '2016-02-14 08:21:46', '2016-02-14 08:21:46'),
(336, 511, 3, 1, '2016-02-14 08:21:47', '2016-02-14 08:21:47'),
(337, 512, 1, 16, '2016-02-14 16:20:37', '2016-02-14 16:20:37'),
(338, 512, 2, 3, '2016-02-14 16:20:37', '2016-02-14 16:20:37'),
(339, 513, 2, 28, '2016-02-14 16:23:11', '2016-02-14 16:23:11'),
(340, 514, 3, 11, '2016-02-14 16:23:49', '2016-02-14 16:23:49'),
(341, 515, 1, 78, '2016-02-14 16:24:33', '2016-02-14 16:24:33'),
(342, 516, 3, 99, '2016-02-14 16:26:16', '2016-02-14 16:26:16'),
(343, 517, 1, 8, '2016-02-14 16:28:05', '2016-02-14 16:28:05'),
(344, 518, 3, 21, '2016-02-14 16:33:38', '2016-02-14 16:33:38'),
(345, 518, 1, 88, '2016-02-14 16:33:38', '2016-02-14 16:33:38'),
(346, 518, 2, 33, '2016-02-14 16:33:38', '2016-02-14 16:33:38'),
(347, 519, 3, 100, '2016-02-14 16:37:18', '2016-02-14 16:37:18'),
(348, 520, 1, 1, '2016-02-14 16:41:39', '2016-02-14 16:41:39'),
(349, 520, 2, 2, '2016-02-14 16:41:39', '2016-02-14 16:41:39'),
(350, 521, 3, 4, '2016-02-14 16:43:27', '2016-02-14 16:43:27'),
(351, 522, 2, 30, '2016-02-14 16:46:27', '2016-02-14 16:46:27'),
(352, 523, 1, 100, '2016-02-14 16:49:49', '2016-02-14 16:49:49'),
(353, 524, 1, 9, '2016-02-14 20:34:42', '2016-02-14 20:34:42'),
(354, 524, 2, 10, '2016-02-14 20:34:42', '2016-02-14 20:34:42'),
(355, 524, 3, 11, '2016-02-14 20:34:42', '2016-02-14 20:34:42'),
(356, 524, 4, 12, '2016-02-14 20:34:42', '2016-02-14 20:34:42'),
(357, 524, 5, 13, '2016-02-14 20:34:42', '2016-02-14 20:34:42'),
(358, 524, 6, 14, '2016-02-14 20:34:42', '2016-02-14 20:34:42'),
(359, 524, 7, 15, '2016-02-14 20:34:42', '2016-02-14 20:34:42'),
(360, 524, 8, 16, '2016-02-14 20:34:42', '2016-02-14 20:34:42'),
(361, 524, 9, 17, '2016-02-14 20:34:42', '2016-02-14 20:34:42'),
(362, 525, 9, 30, '2016-02-14 21:03:09', '2016-02-14 21:03:09'),
(363, 525, 8, 29, '2016-02-14 21:03:09', '2016-02-14 21:03:09'),
(364, 525, 7, 28, '2016-02-14 21:03:09', '2016-02-14 21:03:09'),
(365, 525, 6, 27, '2016-02-14 21:03:09', '2016-02-14 21:03:09'),
(366, 525, 5, 26, '2016-02-14 21:03:09', '2016-02-14 21:03:09'),
(367, 525, 4, 25, '2016-02-14 21:03:09', '2016-02-14 21:03:09'),
(368, 525, 3, 24, '2016-02-14 21:03:09', '2016-02-14 21:03:09'),
(369, 525, 2, 23, '2016-02-14 21:03:09', '2016-02-14 21:03:09'),
(370, 525, 1, 22, '2016-02-14 21:03:09', '2016-02-14 21:03:09'),
(371, 526, 9, 19, '2016-02-14 22:29:53', '2016-02-14 22:29:53'),
(372, 526, 8, 66, '2016-02-14 22:29:53', '2016-02-14 22:29:53'),
(373, 527, 6, 66, '2016-02-14 22:31:51', '2016-02-14 22:31:51'),
(374, 528, 2, 6, '2016-02-14 22:33:42', '2016-02-14 22:33:42'),
(375, 528, 8, 99, '2016-02-14 22:33:42', '2016-02-14 22:33:42'),
(376, 529, 4, 8, '2016-02-14 22:35:08', '2016-02-14 22:35:08'),
(377, 529, 9, 90, '2016-02-14 22:35:08', '2016-02-14 22:35:08'),
(378, 530, 1, 78, '2016-02-14 22:37:13', '2016-02-14 22:37:13'),
(379, 530, 6, 67, '2016-02-14 22:37:13', '2016-02-14 22:37:13'),
(380, 531, 3, 8, '2016-02-14 22:38:04', '2016-02-14 22:38:04'),
(381, 531, 7, 25, '2016-02-14 22:38:04', '2016-02-14 22:38:04'),
(382, 532, 8, 94, '2016-02-14 22:39:28', '2016-02-14 22:39:28'),
(383, 533, 2, 55, '2016-02-14 22:40:38', '2016-02-14 22:40:38'),
(384, 533, 9, 2, '2016-02-14 22:40:38', '2016-02-14 22:40:38'),
(385, 534, 4, 33, '2016-02-14 22:42:28', '2016-02-14 22:42:28'),
(386, 534, 8, 15, '2016-02-14 22:42:28', '2016-02-14 22:42:28'),
(387, 535, 9, 55, '2016-02-14 22:59:28', '2016-02-14 22:59:28'),
(388, 535, 8, 91, '2016-02-14 22:59:28', '2016-02-14 22:59:28'),
(389, 536, 8, 100, '2016-02-14 23:00:27', '2016-02-14 23:00:27'),
(390, 537, 8, 10, '2016-02-15 00:00:50', '2016-02-15 00:00:50'),
(391, 538, 4, 10, '2016-02-15 03:31:20', '2016-02-15 03:31:20'),
(392, 539, 9, 23, '2016-02-15 04:08:26', '2016-02-15 04:08:26'),
(393, 540, 9, 29, '2016-02-15 04:16:20', '2016-02-15 04:16:20'),
(394, 540, 8, 15, '2016-02-15 04:16:21', '2016-02-15 04:16:21'),
(395, 540, 4, 10, '2016-02-15 04:16:21', '2016-02-15 04:16:21'),
(396, 541, 9, 100, '2016-02-15 07:53:19', '2016-02-15 07:53:19'),
(397, 541, 8, 7, '2016-02-15 07:53:19', '2016-02-15 07:53:19'),
(398, 541, 6, 33, '2016-02-15 07:53:19', '2016-02-15 07:53:19'),
(399, 542, 1, 22, '2016-02-15 17:17:58', '2016-02-15 17:17:58'),
(400, 543, 1, 22, '2016-02-16 02:41:49', '2016-02-16 02:41:49'),
(401, 543, 2, 80, '2016-02-16 02:41:49', '2016-02-16 02:41:49'),
(402, 543, 3, 90, '2016-02-16 02:41:49', '2016-02-16 02:41:49'),
(403, 543, 4, 1, '2016-02-16 02:41:49', '2016-02-16 02:41:49'),
(404, 543, 9, 7, '2016-02-16 02:41:49', '2016-02-16 02:41:49'),
(405, 543, 8, 78, '2016-02-16 02:41:49', '2016-02-16 02:41:49'),
(406, 543, 6, 67, '2016-02-16 02:41:50', '2016-02-16 02:41:50'),
(407, 544, 3, 2, '2016-02-16 09:01:31', '2016-02-16 09:01:31'),
(408, 544, 9, 66, '2016-02-16 09:01:31', '2016-02-16 09:01:31'),
(409, 545, 8, 92, '2016-02-16 09:02:59', '2016-02-16 09:02:59'),
(410, 546, 3, 1, '2016-02-16 09:04:15', '2016-02-16 09:04:15'),
(411, 547, 8, 19, '2016-02-16 09:36:17', '2016-02-16 09:36:17'),
(412, 547, 3, 9, '2016-02-16 09:36:17', '2016-02-16 09:36:17'),
(413, 548, 1, 78, '2016-02-16 18:38:35', '2016-02-16 18:38:35'),
(414, 549, 9, 27, '2016-02-17 11:23:43', '2016-02-17 11:23:43'),
(415, 549, 3, 59, '2016-02-17 11:23:43', '2016-02-17 11:23:43'),
(416, 549, 8, 21, '2016-02-17 11:23:43', '2016-02-17 11:23:43'),
(417, 550, 9, 29, '2016-02-17 11:24:46', '2016-02-17 11:24:46'),
(418, 551, 6, 22, '2016-02-17 11:26:34', '2016-02-17 11:26:34'),
(419, 551, 8, 95, '2016-02-17 11:26:34', '2016-02-17 11:26:34'),
(420, 552, 4, 23, '2016-02-17 11:29:48', '2016-02-17 11:29:48'),
(421, 553, 2, 2, '2016-02-17 11:32:08', '2016-02-17 11:32:08'),
(422, 554, 4, 8, '2016-02-17 11:36:57', '2016-02-17 11:36:57'),
(423, 555, 4, 4, '2016-02-17 11:40:39', '2016-02-17 11:40:39'),
(424, 556, 2, 25, '2016-02-17 11:48:05', '2016-02-17 11:48:05'),
(425, 556, 8, 14, '2016-02-17 11:48:05', '2016-02-17 11:48:05'),
(426, 556, 3, 16, '2016-02-17 11:48:05', '2016-02-17 11:48:05'),
(427, 556, 9, 19, '2016-02-17 11:48:05', '2016-02-17 11:48:05'),
(428, 557, 4, 23, '2016-02-17 11:49:32', '2016-02-17 11:49:32'),
(429, 558, 8, 15, '2016-02-17 11:51:27', '2016-02-17 11:51:27'),
(430, 559, 2, 9, '2016-02-17 11:52:48', '2016-02-17 11:52:48'),
(431, 560, 8, 11, '2016-02-18 22:39:29', '2016-02-18 22:39:29'),
(432, 561, 8, 1, '2016-02-20 20:01:06', '2016-02-20 20:01:06'),
(433, 561, 2, 2, '2016-02-20 20:01:07', '2016-02-20 20:01:07'),
(434, 561, 3, 1, '2016-02-20 20:01:07', '2016-02-20 20:01:07'),
(435, 561, 1, 1, '2016-02-20 20:01:07', '2016-02-20 20:01:07'),
(436, 562, 8, 100, '2016-02-21 02:55:27', '2016-02-21 02:55:27'),
(437, 562, 9, 100, '2016-02-21 02:55:27', '2016-02-21 02:55:27'),
(438, 562, 6, 100, '2016-02-21 02:55:27', '2016-02-21 02:55:27'),
(439, 563, 5, 23, '2016-02-21 03:11:38', '2016-02-21 03:11:38'),
(440, 564, 2, 5, '2016-02-21 03:36:49', '2016-02-21 03:36:49'),
(441, 565, 2, 5, '2016-02-21 03:38:01', '2016-02-21 03:38:01'),
(442, 566, 2, 5, '2016-02-21 03:39:07', '2016-02-21 03:39:07'),
(443, 566, 3, 45, '2016-02-21 03:39:07', '2016-02-21 03:39:07'),
(444, 567, 2, 5, '2016-02-21 03:40:32', '2016-02-21 03:40:32'),
(445, 567, 3, 45, '2016-02-21 03:40:32', '2016-02-21 03:40:32'),
(446, 568, 5, 23, '2016-02-21 03:44:28', '2016-02-21 03:44:28'),
(447, 569, 5, 23, '2016-02-21 03:45:07', '2016-02-21 03:45:07'),
(448, 570, 6, 6, '2016-02-21 03:48:14', '2016-02-21 03:48:14'),
(449, 571, 1, 11, '2016-02-21 03:50:46', '2016-02-21 03:50:46'),
(450, 572, 3, 8, '2016-02-21 03:53:53', '2016-02-21 03:53:53'),
(451, 573, 2, 3, '2016-02-21 03:57:59', '2016-02-21 03:57:59'),
(452, 573, 4, 10, '2016-02-21 03:57:59', '2016-02-21 03:57:59'),
(453, 574, 3, 5, '2016-02-21 04:38:31', '2016-02-21 04:38:31'),
(454, 575, 3, 5, '2016-02-21 04:46:04', '2016-02-21 04:46:04'),
(455, 575, 4, 55, '2016-02-21 04:46:04', '2016-02-21 04:46:04'),
(456, 576, 4, 55, '2016-02-21 04:48:22', '2016-02-21 04:48:22'),
(457, 576, 6, 33, '2016-02-21 04:48:22', '2016-02-21 04:48:22'),
(458, 577, 5, 34, '2016-02-21 04:52:55', '2016-02-21 04:52:55'),
(459, 578, 4, 3, '2016-02-21 04:56:53', '2016-02-21 04:56:53'),
(460, 579, 3, 4, '2016-02-21 04:58:29', '2016-02-21 04:58:29'),
(461, 580, 2, 55, '2016-02-21 04:59:14', '2016-02-21 04:59:14'),
(462, 581, 3, 4, '2016-02-21 05:25:43', '2016-02-21 05:25:43'),
(463, 582, 6, 2, '2016-02-21 05:26:52', '2016-02-21 05:26:52'),
(464, 583, 2, 2, '2016-02-21 05:30:48', '2016-02-21 05:30:48'),
(465, 584, 4, 9, '2016-02-21 05:31:56', '2016-02-21 05:31:56'),
(466, 585, 4, 34, '2016-02-21 05:33:24', '2016-02-21 05:33:24'),
(467, 586, 4, 55, '2016-02-21 05:34:59', '2016-02-21 05:34:59'),
(468, 587, 4, 8, '2016-02-21 05:35:59', '2016-02-21 05:35:59'),
(469, 588, 3, 1, '2016-02-21 05:38:40', '2016-02-21 05:38:40'),
(470, 589, 6, 4, '2016-02-21 05:41:03', '2016-02-21 05:41:03'),
(471, 590, 6, 4, '2016-02-21 05:43:24', '2016-02-21 05:43:24'),
(472, 591, 4, 7, '2016-02-21 05:45:20', '2016-02-21 05:45:20'),
(473, 592, 6, 80, '2016-02-21 05:48:02', '2016-02-21 05:48:02'),
(474, 593, 3, 70, '2016-02-21 05:49:18', '2016-02-21 05:49:18'),
(475, 594, 4, 10, '2016-02-21 05:51:07', '2016-02-21 05:51:07'),
(476, 595, 8, 27, '2016-02-21 16:28:57', '2016-02-21 16:28:57'),
(477, 596, 8, 27, '2016-02-21 16:30:24', '2016-02-21 16:30:24'),
(478, 596, 9, 29, '2016-02-21 16:30:24', '2016-02-21 16:30:24'),
(479, 597, 8, 27, '2016-02-21 16:31:32', '2016-02-21 16:31:32'),
(480, 597, 9, 29, '2016-02-21 16:31:32', '2016-02-21 16:31:32'),
(481, 598, 4, 10, '2016-02-21 16:33:15', '2016-02-21 16:33:15'),
(482, 598, 8, 15, '2016-02-21 16:33:15', '2016-02-21 16:33:15'),
(483, 598, 2, 3, '2016-02-21 16:33:15', '2016-02-21 16:33:15'),
(484, 599, 1, 11, '2016-02-21 16:35:31', '2016-02-21 16:35:31'),
(485, 600, 4, 4, '2016-02-21 16:43:51', '2016-02-21 16:43:51'),
(486, 601, 6, 100, '2016-02-21 16:47:28', '2016-02-21 16:47:28'),
(487, 602, 2, 56, '2016-02-21 16:48:27', '2016-02-21 16:48:27'),
(488, 603, 2, 11, '2016-02-21 16:50:45', '2016-02-21 16:50:45'),
(489, 604, 5, 4, '2016-02-21 17:35:31', '2016-02-21 17:35:31'),
(490, 605, 4, 5, '2016-02-21 17:38:28', '2016-02-21 17:38:28'),
(491, 606, 3, 44, '2016-02-21 17:39:17', '2016-02-21 17:39:17'),
(492, 607, 2, 33, '2016-02-21 17:43:53', '2016-02-21 17:43:53'),
(493, 608, 1, 1, '2016-02-21 17:44:56', '2016-02-21 17:44:56'),
(494, 609, 8, 11, '2016-02-21 17:46:38', '2016-02-21 17:46:38'),
(495, 609, 4, 22, '2016-02-21 17:46:38', '2016-02-21 17:46:38'),
(496, 610, 3, 1, '2016-02-21 17:48:00', '2016-02-21 17:48:00'),
(497, 611, 9, 29, '2016-02-21 17:48:58', '2016-02-21 17:48:58'),
(498, 612, 5, 34, '2016-02-21 17:50:15', '2016-02-21 17:50:15'),
(499, 613, 4, 23, '2016-02-21 17:51:58', '2016-02-21 17:51:58'),
(500, 613, 3, 55, '2016-02-21 17:51:59', '2016-02-21 17:51:59'),
(501, 614, 6, 33, '2016-02-21 17:56:39', '2016-02-21 17:56:39'),
(502, 614, 5, 34, '2016-02-21 17:56:39', '2016-02-21 17:56:39'),
(503, 615, 4, 7, '2016-02-21 18:01:31', '2016-02-21 18:01:31'),
(504, 615, 8, 11, '2016-02-21 18:01:31', '2016-02-21 18:01:31'),
(505, 615, 6, 19, '2016-02-21 18:01:31', '2016-02-21 18:01:31'),
(506, 616, 8, 80, '2016-02-21 18:05:02', '2016-02-21 18:05:02'),
(507, 616, 9, 5, '2016-02-21 18:05:02', '2016-02-21 18:05:02'),
(508, 617, 9, 7, '2016-02-21 18:05:49', '2016-02-21 18:05:49'),
(509, 618, 2, 30, '2016-02-21 18:10:27', '2016-02-21 18:10:27'),
(510, 618, 1, 66, '2016-02-21 18:10:27', '2016-02-21 18:10:27'),
(511, 619, 4, 10, '2016-02-21 18:19:08', '2016-02-21 18:19:08'),
(512, 620, 5, 88, '2016-02-21 18:20:46', '2016-02-21 18:20:46'),
(513, 621, 6, 47, '2016-02-21 18:28:30', '2016-02-21 18:28:30'),
(514, 622, 3, 49, '2016-02-21 18:29:26', '2016-02-21 18:29:26'),
(515, 623, 3, 79, '2016-02-21 18:32:37', '2016-02-21 18:32:37'),
(516, 624, 4, 11, '2016-02-21 18:37:01', '2016-02-21 18:37:01'),
(517, 624, 6, 34, '2016-02-21 18:37:01', '2016-02-21 18:37:01'),
(518, 625, 1, 33, '2016-02-21 18:40:38', '2016-02-21 18:40:38'),
(519, 625, 2, 7, '2016-02-21 18:40:38', '2016-02-21 18:40:38'),
(520, 625, 8, 15, '2016-02-21 18:40:38', '2016-02-21 18:40:38'),
(521, 626, 5, 45, '2016-02-21 18:42:30', '2016-02-21 18:42:30'),
(522, 627, 4, 43, '2016-02-21 18:44:02', '2016-02-21 18:44:02'),
(523, 628, 3, 99, '2016-02-21 18:45:05', '2016-02-21 18:45:05'),
(524, 629, 1, 88, '2016-02-21 18:56:07', '2016-02-21 18:56:07'),
(525, 630, 3, 7, '2016-02-21 18:57:27', '2016-02-21 18:57:27'),
(526, 631, 3, 11, '2016-02-21 18:59:07', '2016-02-21 18:59:07'),
(527, 631, 6, 8, '2016-02-21 18:59:07', '2016-02-21 18:59:07'),
(528, 632, 6, 33, '2016-02-21 19:00:19', '2016-02-21 19:00:19'),
(529, 632, 2, 8, '2016-02-21 19:00:19', '2016-02-21 19:00:19'),
(530, 633, 4, 10, '2016-02-21 19:02:49', '2016-02-21 19:02:49'),
(531, 633, 8, 15, '2016-02-21 19:02:50', '2016-02-21 19:02:50'),
(532, 633, 9, 29, '2016-02-21 19:02:50', '2016-02-21 19:02:50'),
(533, 634, 1, 1, '2016-02-21 19:09:37', '2016-02-21 19:09:37'),
(534, 635, 4, 4, '2016-02-21 19:12:41', '2016-02-21 19:12:41'),
(535, 636, 1, 1, '2016-02-21 19:24:17', '2016-02-21 19:24:17'),
(536, 637, 2, 17, '2016-02-21 19:51:50', '2016-02-21 19:51:50'),
(537, 638, 4, 10, '2016-02-21 20:09:46', '2016-02-21 20:09:46'),
(538, 639, 1, 8, '2016-02-21 20:18:30', '2016-02-21 20:18:30'),
(539, 639, 3, 40, '2016-02-21 20:18:30', '2016-02-21 20:18:30'),
(540, 640, 8, 15, '2016-02-21 20:20:44', '2016-02-21 20:20:44'),
(541, 640, 4, 89, '2016-02-21 20:20:44', '2016-02-21 20:20:44'),
(542, 640, 6, 3, '2016-02-21 20:20:44', '2016-02-21 20:20:44'),
(543, 641, 6, 56, '2016-02-21 20:22:13', '2016-02-21 20:22:13'),
(544, 641, 5, 70, '2016-02-21 20:22:13', '2016-02-21 20:22:13'),
(545, 642, 9, 56, '2016-02-21 20:24:14', '2016-02-21 20:24:14'),
(546, 642, 2, 34, '2016-02-21 20:24:14', '2016-02-21 20:24:14'),
(547, 643, 4, 16, '2016-02-22 02:25:02', '2016-02-22 02:25:02'),
(548, 643, 8, 15, '2016-02-22 02:25:02', '2016-02-22 02:25:02'),
(549, 643, 6, 1, '2016-02-22 02:25:02', '2016-02-22 02:25:02'),
(550, 644, 5, 20, '2016-02-22 17:43:27', '2016-02-22 17:43:27'),
(551, 645, 6, 5, '2016-02-22 18:17:12', '2016-02-22 18:17:12'),
(552, 645, 5, 45, '2016-02-22 18:17:12', '2016-02-22 18:17:12'),
(553, 646, 9, 78, '2016-02-22 18:18:08', '2016-02-22 18:18:08'),
(554, 646, 2, 6, '2016-02-22 18:18:08', '2016-02-22 18:18:08'),
(555, 647, 3, 23, '2016-02-22 18:21:09', '2016-02-22 18:21:09'),
(556, 647, 1, 13, '2016-02-22 18:21:09', '2016-02-22 18:21:09'),
(557, 647, 4, 55, '2016-02-22 18:21:09', '2016-02-22 18:21:09'),
(558, 648, 8, 46, '2016-02-22 18:24:56', '2016-02-22 18:24:56'),
(559, 648, 9, 33, '2016-02-22 18:24:56', '2016-02-22 18:24:56'),
(560, 648, 2, 99, '2016-02-22 18:24:56', '2016-02-22 18:24:56'),
(561, 649, 1, 55, '2016-02-22 18:30:27', '2016-02-22 18:30:27'),
(562, 649, 6, 72, '2016-02-22 18:30:27', '2016-02-22 18:30:27'),
(563, 649, 9, 8, '2016-02-22 18:30:27', '2016-02-22 18:30:27'),
(564, 650, 6, 14, '2016-02-22 18:36:23', '2016-02-22 18:36:23'),
(565, 650, 3, 44, '2016-02-22 18:36:23', '2016-02-22 18:36:23'),
(566, 650, 9, 3, '2016-02-22 18:36:23', '2016-02-22 18:36:23'),
(567, 650, 1, 88, '2016-02-22 18:36:23', '2016-02-22 18:36:23'),
(568, 651, 5, 1, '2016-02-22 19:41:59', '2016-02-22 19:41:59');

-- --------------------------------------------------------

--
-- Estructura de tabla para la tabla `precio`
--

CREATE TABLE IF NOT EXISTS `precio` (
  `id` int(11) NOT NULL,
  `producto_id` int(11) NOT NULL,
  `nombre` varchar(255) COLLATE utf8_unicode_ci NOT NULL
) ENGINE=InnoDB AUTO_INCREMENT=2 DEFAULT CHARSET=utf8 COLLATE=utf8_unicode_ci;

--
-- Volcado de datos para la tabla `precio`
--

INSERT INTO `precio` (`id`, `producto_id`, `nombre`) VALUES
(1, 1, 'Precio uno');

-- --------------------------------------------------------

--
-- Estructura de tabla para la tabla `producto`
--

CREATE TABLE IF NOT EXISTS `producto` (
  `id` int(10) unsigned NOT NULL,
  `clave` varchar(45) COLLATE utf8_unicode_ci NOT NULL,
  `numero_articulo` varchar(100) COLLATE utf8_unicode_ci NOT NULL,
  `nombre` varchar(255) COLLATE utf8_unicode_ci NOT NULL,
  `ean_code` varchar(100) COLLATE utf8_unicode_ci NOT NULL,
  `color` varchar(255) COLLATE utf8_unicode_ci NOT NULL,
  `numero_color` int(11) NOT NULL,
  `unidad_medida_id` int(10) unsigned NOT NULL,
  `piezas_paquete` int(11) NOT NULL,
  `dimensiones` varchar(100) COLLATE utf8_unicode_ci NOT NULL,
  `piezas_pallet` int(11) NOT NULL,
  `total_piezas` int(11) NOT NULL,
  `foto` varchar(255) COLLATE utf8_unicode_ci NOT NULL,
  `importador_id` int(10) unsigned NOT NULL,
  `almacen_id` int(10) unsigned NOT NULL,
  `familia_id` int(10) unsigned NOT NULL,
  `iva0` tinyint(1) NOT NULL,
  `cantidad_minima` int(11) NOT NULL,
  `estatus_web` tinyint(1) NOT NULL,
  `estatus` tinyint(1) NOT NULL,
  `created_at` timestamp NOT NULL DEFAULT '0000-00-00 00:00:00',
  `updated_at` timestamp NOT NULL DEFAULT '0000-00-00 00:00:00'
) ENGINE=InnoDB AUTO_INCREMENT=10 DEFAULT CHARSET=utf8 COLLATE=utf8_unicode_ci;

--
-- Volcado de datos para la tabla `producto`
--

INSERT INTO `producto` (`id`, `clave`, `numero_articulo`, `nombre`, `ean_code`, `color`, `numero_color`, `unidad_medida_id`, `piezas_paquete`, `dimensiones`, `piezas_pallet`, `total_piezas`, `foto`, `importador_id`, `almacen_id`, `familia_id`, `iva0`, `cantidad_minima`, `estatus_web`, `estatus`, `created_at`, `updated_at`) VALUES
(1, 'AC01', 'C3031', 'Maceta cerámica antiguas para plantas. Juego de 3 piezas cuadradas', '8714982046483', 'anthracit', 24, 1, 2, '260x260x395', 60, 190, 'Macetacerámicaantiguas.png', 1, 1, 1, 0, 0, 1, 1, '2016-02-05 06:00:00', '0000-00-00 00:00:00'),
(2, 'AC03', 'C3089', 'Flower pot Perla ø 11', '8590415002963', 'purple pearl', 41, 1, 32, '260x260x395', 60, 1920, 'Macetacerámicacolganteantigua.png', 2, 1, 2, 0, 0, 1, 1, '2016-02-05 06:00:00', '0000-00-00 00:00:00'),
(3, 'AC04', 'c2345', 'Maceta cerámica para pared antigua para plantas', '8590415002970', 'pearl', 54, 1, 32, '260x260x395', 60, 1920, 'Macetacerámicaparaparedantigua.png', 1, 1, 3, 0, 0, 1, 1, '2016-02-05 06:00:00', '0000-00-00 00:00:00'),
(4, 'AC10', 'C5069', 'Bebedero para pájaros cerámico con diseño decorativo antiguo  ', '5560415004470', 'pearl', 54, 1, 12, '260x260x395', 60, 1920, 'Bebederoparapájaros.png', 1, 1, 2, 0, 0, 1, 1, '2016-02-14 06:00:00', '0000-00-00 00:00:00'),
(5, 'AC134', 'C8089', 'Velas decorativas. Tamaño Grande ', '8590415002963', 'white', 23, 1, 23, '260x260x395', 60, 1920, 'velasdecorativastamanogrande.png', 1, 1, 3, 0, 0, 1, 1, '2016-02-14 06:00:00', '0000-00-00 00:00:00'),
(6, 'AC133', 'C5066', 'Velas decorativas. Tamaño Chico', '1110415002963', 'white', 23, 1, 12, '260x260x395', 60, 1920, 'VelasdecorativasChico.png', 1, 1, 1, 0, 0, 1, 1, '2016-02-14 06:00:00', '0000-00-00 00:00:00'),
(7, 'AC135', 'C7066', 'Maceta cerámica para plantas con diseño decorativo antiguo', '9910415002988', 'blue', 89, 1, 4, '260x260x395', 60, 1920, 'Macetacerámicaparaplantasdecorativoantiguo.png', 1, 1, 3, 0, 0, 1, 1, '2016-02-14 06:00:00', '0000-00-00 00:00:00'),
(8, 'AC15', 'C9056', 'Porta vela cerámica con vidrio', '8810415002976', 'white', 56, 1, 12, '260x260x395', 60, 1920, 'Portavelaceramicaconvidrio.png', 1, 1, 2, 0, 0, 1, 1, '2016-02-14 06:00:00', '0000-00-00 00:00:00'),
(9, 'AC29', 'C6032', 'Maceta cerámica rectangular para balcón con diseño decorativo antiguo', '3710415002955', 'pearl', 78, 1, 12, '260x260x395', 60, 11920, 'Macetaceramicarectangularparabalcondecorativoantiguo.png', 1, 1, 1, 0, 0, 1, 1, '2016-02-14 06:00:00', '0000-00-00 00:00:00');

-- --------------------------------------------------------

--
-- Estructura de tabla para la tabla `producto_precio`
--

CREATE TABLE IF NOT EXISTS `producto_precio` (
  `id` int(10) unsigned NOT NULL,
  `producto_id` int(10) unsigned NOT NULL,
  `precio_compra` double NOT NULL,
  `precio_venta` double NOT NULL,
  `moneda` varchar(255) COLLATE utf8_unicode_ci NOT NULL,
  `vigencia` timestamp NOT NULL DEFAULT '0000-00-00 00:00:00',
  `estatus` tinyint(1) NOT NULL
) ENGINE=InnoDB AUTO_INCREMENT=11 DEFAULT CHARSET=utf8 COLLATE=utf8_unicode_ci;

--
-- Volcado de datos para la tabla `producto_precio`
--

INSERT INTO `producto_precio` (`id`, `producto_id`, `precio_compra`, `precio_venta`, `moneda`, `vigencia`, `estatus`) VALUES
(1, 1, 30, 180, '$', '2015-11-30 06:00:00', 1),
(2, 2, 40, 70, '$', '2015-11-30 06:00:00', 1),
(3, 3, 79, 89, '$', '2015-12-08 06:00:00', 1),
(5, 4, 120, 350, '$', '2015-12-08 06:00:00', 1),
(6, 5, 50, 79, '$', '2015-12-08 06:00:00', 1),
(7, 6, 90, 107, '$', '2016-02-14 06:00:00', 1),
(8, 7, 40, 80, '$', '2016-02-14 06:00:00', 1),
(9, 8, 108, 134, '$', '2016-02-14 06:00:00', 1),
(10, 9, 150, 170, '$', '2016-02-14 06:00:00', 1);

-- --------------------------------------------------------

--
-- Estructura de tabla para la tabla `proveedor`
--

CREATE TABLE IF NOT EXISTS `proveedor` (
  `id` int(10) unsigned NOT NULL,
  `comercializador_id` int(10) unsigned NOT NULL,
  `nombre` varchar(255) COLLATE utf8_unicode_ci NOT NULL,
  `nombre_comercial` varchar(255) COLLATE utf8_unicode_ci NOT NULL,
  `razon_social` varchar(255) COLLATE utf8_unicode_ci NOT NULL,
  `estatus` tinyint(1) NOT NULL,
  `created_at` timestamp NOT NULL DEFAULT '0000-00-00 00:00:00',
  `updated_at` timestamp NOT NULL DEFAULT '0000-00-00 00:00:00'
) ENGINE=InnoDB AUTO_INCREMENT=5 DEFAULT CHARSET=utf8 COLLATE=utf8_unicode_ci;

--
-- Volcado de datos para la tabla `proveedor`
--

INSERT INTO `proveedor` (`id`, `comercializador_id`, `nombre`, `nombre_comercial`, `razon_social`, `estatus`, `created_at`, `updated_at`) VALUES
(1, 1, 'Proveedor 1', 'Jose 99', 'No se XD', 1, '2016-02-16 06:00:00', '0000-00-00 00:00:00'),
(2, 2, 'Este es el proveedor 2', 'No se', 'No se', 1, '2016-02-16 06:00:00', '0000-00-00 00:00:00'),
(3, 3, 'Proveedor 3', 'aaaa', 'aaaa', 1, '2016-02-16 06:00:00', '0000-00-00 00:00:00'),
(4, 4, 'Cuarto proveedor', 'bbb', 'bbb', 1, '2016-02-16 06:00:00', '0000-00-00 00:00:00');

-- --------------------------------------------------------

--
-- Estructura de tabla para la tabla `rol`
--

CREATE TABLE IF NOT EXISTS `rol` (
  `id` int(10) unsigned NOT NULL,
  `nombre` varchar(255) COLLATE utf8_unicode_ci NOT NULL,
  `created_at` timestamp NOT NULL DEFAULT '0000-00-00 00:00:00',
  `updated_at` timestamp NOT NULL DEFAULT '0000-00-00 00:00:00'
) ENGINE=InnoDB AUTO_INCREMENT=4 DEFAULT CHARSET=utf8 COLLATE=utf8_unicode_ci;

--
-- Volcado de datos para la tabla `rol`
--

INSERT INTO `rol` (`id`, `nombre`, `created_at`, `updated_at`) VALUES
(1, 'Cliente', '2015-11-27 06:00:00', '0000-00-00 00:00:00'),
(2, 'Agente', '2015-11-27 06:00:00', '0000-00-00 00:00:00'),
(3, 'Administrador', '2015-11-27 06:00:00', '0000-00-00 00:00:00');

-- --------------------------------------------------------

--
-- Estructura de tabla para la tabla `telefono_cliente`
--

CREATE TABLE IF NOT EXISTS `telefono_cliente` (
  `id` int(10) unsigned NOT NULL,
  `cliente_id` int(10) unsigned NOT NULL,
  `numero` varchar(20) COLLATE utf8_unicode_ci NOT NULL,
  `tipo_tel` varchar(50) COLLATE utf8_unicode_ci NOT NULL,
  `estatus` tinyint(1) NOT NULL,
  `created_at` timestamp NOT NULL DEFAULT '0000-00-00 00:00:00',
  `updated_at` timestamp NOT NULL DEFAULT '0000-00-00 00:00:00'
) ENGINE=InnoDB AUTO_INCREMENT=372 DEFAULT CHARSET=utf8 COLLATE=utf8_unicode_ci;

--
-- Volcado de datos para la tabla `telefono_cliente`
--

INSERT INTO `telefono_cliente` (`id`, `cliente_id`, `numero`, `tipo_tel`, `estatus`, `created_at`, `updated_at`) VALUES
(275, 80, '22222111', 'Celular', 1, '2016-02-04 03:49:00', '2016-02-04 03:49:00'),
(276, 80, '1112223345', 'Otro', 1, '2016-02-04 03:52:51', '2016-02-04 03:52:51'),
(277, 80, '1114446699', 'Fijo', 1, '2016-02-04 03:55:05', '2016-02-04 03:55:05'),
(278, 80, '11111100', 'Fijo', 1, '2016-02-04 03:59:43', '2016-02-04 03:59:43'),
(279, 80, '343434434', 'Fijo', 1, '2016-02-04 04:03:40', '2016-02-04 04:03:40'),
(280, 80, '43434343', 'Fijo', 1, '2016-02-04 07:35:04', '2016-02-04 07:35:04'),
(281, 80, '22222', 'Otro', 1, '2016-02-04 09:37:45', '2016-02-04 09:37:45'),
(282, 80, '22022', 'Otro', 1, '2016-02-04 09:39:07', '2016-02-04 09:39:07'),
(283, 80, '22022', 'Otro', 1, '2016-02-04 09:45:43', '2016-02-04 09:45:43'),
(284, 80, 'Array', 'Otro', 1, '2016-02-04 09:46:24', '2016-02-04 09:46:24'),
(285, 80, '[{"idp":"1"}]', 'Otro', 1, '2016-02-04 09:47:08', '2016-02-04 09:47:08'),
(286, 80, '990099', 'Otro', 1, '2016-02-04 09:48:44', '2016-02-04 09:48:44'),
(287, 80, 'Array', 'Otro', 1, '2016-02-04 09:49:17', '2016-02-04 09:49:17'),
(288, 80, 'Object', 'Otro', 1, '2016-02-04 09:49:49', '2016-02-04 09:49:49'),
(289, 80, '1', 'Otro', 1, '2016-02-04 09:50:29', '2016-02-04 09:50:29'),
(290, 80, '1', 'Otro', 1, '2016-02-04 09:51:12', '2016-02-04 09:51:12'),
(291, 80, '1', 'Otro', 1, '2016-02-04 09:52:52', '2016-02-04 09:52:52'),
(292, 80, '1', 'Otro', 1, '2016-02-04 09:56:37', '2016-02-04 09:56:37'),
(293, 80, '5', 'Otro', 1, '2016-02-04 09:56:38', '2016-02-04 09:56:38'),
(294, 80, '33333333', 'Fijo', 1, '2016-02-04 10:07:35', '2016-02-04 10:07:35'),
(295, 80, '2223334456', 'Fijo', 1, '2016-02-04 10:11:03', '2016-02-04 10:11:03'),
(296, 80, '222222222', 'Celular', 1, '2016-02-04 10:12:14', '2016-02-04 10:12:14'),
(297, 80, '222000006', 'Celular', 1, '2016-02-04 10:13:24', '2016-02-04 10:13:24'),
(298, 80, '1110004456', 'Otro', 1, '2016-02-04 10:15:20', '2016-02-04 10:15:20'),
(299, 80, '1111222334', 'Fijo', 1, '2016-02-04 10:18:48', '2016-02-04 10:18:48'),
(300, 80, '333444567', 'Fijo', 1, '2016-02-04 10:34:09', '2016-02-04 10:34:09'),
(301, 80, '99999999', 'Otro', 1, '2016-02-04 10:43:14', '2016-02-04 10:43:14'),
(302, 80, '545455445', 'Otro', 1, '2016-02-04 10:51:58', '2016-02-04 10:51:58'),
(303, 81, '4445556677', 'Celular', 1, '2016-02-04 17:19:16', '2016-02-04 17:19:16'),
(304, 76, '4445556677', 'Otro', 1, '2016-02-04 17:35:54', '2016-02-04 17:35:54'),
(305, 81, '222334456', 'Celular', 1, '2016-02-04 20:49:52', '2016-02-04 20:49:52'),
(306, 81, '7861278681', 'Fijo', 1, '2016-02-04 22:51:33', '2016-02-04 22:51:33'),
(307, 81, '4448886677', 'Otro', 1, '2016-02-05 00:37:55', '2016-02-05 00:37:55'),
(308, 81, '2223334456', 'Fijo', 1, '2016-02-05 04:56:32', '2016-02-05 04:56:32'),
(309, 81, '555667788', 'Fijo', 1, '2016-02-05 20:13:53', '2016-02-05 20:13:53'),
(310, 81, '2223334455', 'Celular', 1, '2016-02-05 20:57:51', '2016-02-05 20:57:51'),
(311, 81, '9998887755', 'Fijo', 1, '2016-02-06 00:53:48', '2016-02-06 00:53:48'),
(312, 82, '4445556677', 'Celular', 1, '2016-02-06 02:51:34', '2016-02-06 02:51:34'),
(313, 82, '4445556678', 'Otro', 1, '2016-02-06 03:03:13', '2016-02-06 03:03:13'),
(314, 82, '33333333', 'Fijo', 1, '2016-02-06 03:30:30', '2016-02-06 03:30:30'),
(315, 82, '8889990077', 'Celular', 1, '2016-02-06 03:40:56', '2016-02-06 03:40:56'),
(316, 81, '444444444', 'Fijo', 1, '2016-02-06 19:31:36', '2016-02-06 19:31:36'),
(317, 82, '2223334455', 'Celular', 1, '2016-02-08 17:31:55', '2016-02-08 17:31:55'),
(318, 82, '4444444', 'Celular', 1, '2016-02-08 17:40:31', '2016-02-08 17:40:31'),
(319, 82, '3333333', 'Fijo', 1, '2016-02-08 17:44:20', '2016-02-08 17:44:20'),
(320, 82, '111222222', 'Otro', 1, '2016-02-08 17:49:04', '2016-02-08 17:49:04'),
(321, 82, '89989898', 'Otro', 1, '2016-02-08 17:50:20', '2016-02-08 17:50:20'),
(322, 82, '2222222', 'Fijo', 1, '2016-02-08 17:51:43', '2016-02-08 17:51:43'),
(323, 82, '22222333', 'Fijo', 1, '2016-02-08 17:59:13', '2016-02-08 17:59:13'),
(324, 82, '7666', 'Fijo', 1, '2016-02-08 18:01:26', '2016-02-08 18:01:26'),
(325, 82, '2223334411', 'Celular', 1, '2016-02-08 18:12:54', '2016-02-08 18:12:54'),
(326, 82, '666778899', 'Fijo', 1, '2016-02-08 21:02:34', '2016-02-08 21:02:34'),
(327, 82, '20456678', 'Celular', 1, '2016-02-08 22:30:04', '2016-02-08 22:30:04'),
(328, 82, '554545', 'Celular', 1, '2016-02-09 18:02:12', '2016-02-09 18:02:12'),
(329, 82, '76767676', 'Fijo', 1, '2016-02-09 18:08:26', '2016-02-09 18:08:26'),
(330, 82, '8888888', 'Otro', 1, '2016-02-09 18:09:25', '2016-02-09 18:09:25'),
(331, 82, '555552', 'Celular', 1, '2016-02-09 18:12:16', '2016-02-09 18:12:16'),
(332, 82, '89898998', 'Otro', 1, '2016-02-09 18:13:30', '2016-02-09 18:13:30'),
(333, 82, '6776677676', 'Fijo', 1, '2016-02-09 18:17:36', '2016-02-09 18:17:36'),
(334, 82, '87878778', 'Otro', 1, '2016-02-09 18:19:06', '2016-02-09 18:19:06'),
(335, 83, '4445556677', 'Celular', 1, '2016-02-10 00:43:47', '2016-02-10 00:43:47'),
(336, 83, '444556677', 'Fijo', 1, '2016-02-10 00:52:35', '2016-02-10 00:52:35'),
(337, 84, '333229988', 'Celular', 1, '2016-02-10 00:58:51', '2016-02-10 00:58:51'),
(338, 84, '5556667788', 'Fijo', 1, '2016-02-10 03:03:40', '2016-02-10 03:03:40'),
(339, 84, '999000003', 'Otro', 1, '2016-02-10 03:14:16', '2016-02-10 03:14:16'),
(340, 84, '666666764', 'Fijo', 1, '2016-02-10 03:20:51', '2016-02-16 09:06:54'),
(341, 85, '222880012', 'Otro', 1, '2016-02-10 03:45:16', '2016-02-10 03:45:16'),
(342, 85, '2223334455', 'Celular', 1, '2016-02-10 05:21:43', '2016-02-10 05:21:43'),
(343, 85, '989899', 'Otro', 1, '2016-02-10 05:22:42', '2016-02-10 05:22:42'),
(344, 82, '222333', 'Fijo', 1, '2016-02-12 18:37:00', '2016-02-12 18:37:00'),
(345, 84, '7861278677', 'Fijo', 1, '2016-02-12 20:17:15', '2016-02-12 20:17:15'),
(346, 84, '555000090', 'Fijo', 1, '2016-02-12 20:50:38', '2016-02-12 20:50:38'),
(347, 28, '888888', 'Fijo', 1, '2016-02-13 21:31:21', '2016-02-13 21:31:21'),
(348, 28, '444444', 'Fijo', 1, '2016-02-13 21:33:15', '2016-02-13 21:33:15'),
(349, 84, '9990000089', 'Fijo', 1, '2016-02-14 03:58:34', '2016-02-14 03:58:34'),
(350, 87, '777799999', 'Celular', 1, '2016-02-14 16:20:36', '2016-02-14 17:33:28'),
(351, 87, '6667778899', 'Celular', 1, '2016-02-14 16:41:39', '2016-02-14 16:41:39'),
(352, 87, '5556667788', 'Fijo', 1, '2016-02-14 16:43:27', '2016-02-14 16:43:27'),
(353, 87, '9990001122', 'Otro', 1, '2016-02-14 16:46:27', '2016-02-14 16:46:27'),
(354, 87, '888888893', 'Fijo', 1, '2016-02-14 16:49:48', '2016-02-14 17:32:36'),
(355, 84, '7861276543', 'Celular', 1, '2016-02-14 20:34:42', '2016-02-14 20:34:42'),
(356, 84, '4445556677', 'Fijo', 1, '2016-02-14 21:03:09', '2016-02-14 21:03:09'),
(357, 88, '3334445566', 'Celular', 1, '2016-02-14 22:29:53', '2016-02-14 22:29:53'),
(358, 88, '44444', 'Fijo', 1, '2016-02-14 22:31:51', '2016-02-14 22:31:51'),
(359, 88, '8887776655', 'Otro', 1, '2016-02-14 22:33:42', '2016-02-14 22:33:42'),
(360, 88, '1112223344', 'Fijo', 1, '2016-02-15 00:00:50', '2016-02-15 00:00:50'),
(361, 31, '33333333', 'Celular', 1, '2016-02-15 04:16:20', '2016-02-15 04:16:20'),
(362, 84, '111111111', 'Celular', 1, '2016-02-15 07:53:19', '2016-02-15 07:53:19'),
(363, 84, '66666666', 'Fijo', 1, '2016-02-16 09:04:15', '2016-02-16 09:04:15'),
(364, 88, '6666666', 'Fijo', 1, '2016-02-17 11:26:34', '2016-02-17 11:26:34'),
(365, 90, '44444444', 'Celular', 1, '2016-02-17 11:29:48', '2016-02-17 11:29:48'),
(366, 90, '2332232323', 'Fijo', 1, '2016-02-17 11:48:05', '2016-02-17 11:48:05'),
(367, 92, '3334445566', 'Celular', 1, '2016-02-20 20:01:06', '2016-02-20 20:01:06'),
(368, 92, '34433443', 'Celular', 1, '2016-02-21 05:26:52', '2016-02-21 05:26:52'),
(369, 84, '1112223344', 'Celular', 1, '2016-02-21 19:12:41', '2016-02-21 19:12:41'),
(370, 84, '322323233', 'Celular', 1, '2016-02-21 20:22:13', '2016-02-21 20:22:13'),
(371, 84, '1110003344', 'Celular', 1, '2016-02-22 18:21:09', '2016-02-22 18:21:09');

-- --------------------------------------------------------

--
-- Estructura de tabla para la tabla `telefono_proveedor`
--

CREATE TABLE IF NOT EXISTS `telefono_proveedor` (
  `id` int(10) unsigned NOT NULL,
  `proveedor_id` int(10) unsigned NOT NULL,
  `numero` varchar(20) COLLATE utf8_unicode_ci NOT NULL,
  `tipo_tel` int(11) NOT NULL,
  `estatus` tinyint(1) NOT NULL,
  `created_at` timestamp NOT NULL DEFAULT '0000-00-00 00:00:00',
  `updated_at` timestamp NOT NULL DEFAULT '0000-00-00 00:00:00'
) ENGINE=InnoDB DEFAULT CHARSET=utf8 COLLATE=utf8_unicode_ci;

-- --------------------------------------------------------

--
-- Estructura de tabla para la tabla `unidad_medida`
--

CREATE TABLE IF NOT EXISTS `unidad_medida` (
  `id` int(10) unsigned NOT NULL,
  `descripcion` varchar(200) COLLATE utf8_unicode_ci NOT NULL,
  `estatus` tinyint(1) NOT NULL,
  `created_at` timestamp NOT NULL DEFAULT '0000-00-00 00:00:00',
  `updated_at` timestamp NOT NULL DEFAULT '0000-00-00 00:00:00'
) ENGINE=InnoDB AUTO_INCREMENT=2 DEFAULT CHARSET=utf8 COLLATE=utf8_unicode_ci;

--
-- Volcado de datos para la tabla `unidad_medida`
--

INSERT INTO `unidad_medida` (`id`, `descripcion`, `estatus`, `created_at`, `updated_at`) VALUES
(1, 'Unidad de medida 1', 1, '2015-11-30 06:00:00', '0000-00-00 00:00:00');

-- --------------------------------------------------------

--
-- Estructura de tabla para la tabla `usuario`
--

CREATE TABLE IF NOT EXISTS `usuario` (
  `id` int(10) unsigned NOT NULL,
  `rol_id` int(10) unsigned NOT NULL,
  `usuario` varchar(255) COLLATE utf8_unicode_ci NOT NULL,
  `password` varchar(255) COLLATE utf8_unicode_ci NOT NULL,
  `email` varchar(255) COLLATE utf8_unicode_ci NOT NULL,
  `remember_token` varchar(100) COLLATE utf8_unicode_ci NOT NULL,
  `created_at` timestamp NOT NULL DEFAULT '0000-00-00 00:00:00',
  `updated_at` timestamp NOT NULL DEFAULT '0000-00-00 00:00:00'
) ENGINE=InnoDB AUTO_INCREMENT=153 DEFAULT CHARSET=utf8 COLLATE=utf8_unicode_ci;

--
-- Volcado de datos para la tabla `usuario`
--

INSERT INTO `usuario` (`id`, `rol_id`, `usuario`, `password`, `email`, `remember_token`, `created_at`, `updated_at`) VALUES
(6, 1, 'angelitomh', '$2y$10$dSbYqUSQt0eO1rnJ5VpUreuyJ4pi0HoD2QE2IlmHAE9PpzdiTqc/m', 'angel@live.com', '', '2015-11-28 09:32:54', '2015-11-28 09:32:54'),
(27, 2, 'flor99', '$2y$10$B0qG1786tvDFY8uFH2rlmO.aCMM12rgQrISaZkPvHltMf5PSI1wd6', 'angeldarkkiller99@live.com', 'e3XNndIOTQIOQUTG5tYXbNt7iyb5vLYdZiquvoIEgCCJiUy3AhnZ5jMUNJ6C', '2015-11-29 04:27:52', '2016-02-22 19:40:03'),
(29, 3, 'Hector', '$2y$10$NEl79X9MHHEl3PhvxOcebOqzosUySo4aXe0FcFIPhPh4MXrgYIOkO', '', 'ypoaYIqUNPiWZ2eGs8v4tJMkwnB5h70S0szAnb82I0s1oxiV2G3gB2zXWAhu', '2015-11-29 04:31:28', '2016-02-22 02:12:36'),
(51, 2, 'charly', '$2y$10$vt./IVh6CWWnxhNy8oAdQeAHhwAXxIsW48J3YclEyHqc7Kkiv9xz.', '', '1shjbKLNaWtiqpRxw5dMJcvRiiydnEaHn2mnWvLBAKVhF4jg2sKSPUbZWYCw', '2015-11-30 02:33:31', '2016-02-17 11:55:41'),
(52, 1, 'Luisillo', '$2y$10$eGReK7445dlcRVXjfD6dLuL35uSEHXeMgZBKOhD8Fje4tdrXxZNxC', '', '', '2015-12-02 23:47:30', '2015-12-02 23:47:30'),
(66, 1, 'tytyyty', '$2y$10$gD.4.0oZB.sd7EgSZlOB1.3i70p/w293HMspkO6eMbQrz5TQSJqmu', '', '', '2015-12-03 00:35:13', '2015-12-03 00:35:13'),
(67, 1, 'seesse', '$2y$10$CKJQ2aJuwk56xAJuQ5P9p.pVfUqYkOm1hTfFK1Pgs3nrKaLZYR0yC', '', '', '2015-12-03 00:36:21', '2015-12-03 00:36:21'),
(68, 1, 'uiuiuii', '$2y$10$mSRwjAzfs40yBQpbfeveg.h/A25E14KSmqSXpPBPn7.KjRzGw4/hu', '', '', '2015-12-03 00:37:26', '2015-12-03 00:37:26'),
(69, 1, 'Jary99', '$2y$10$fdR.Secxh8dy5i3LXjsAS.8W1gJqfGgmPV7EGlTZzCmqFA10guqqK', '', '3IcqC6MK414px5npszJBanHDxs0cLYrZBm8yuPYVusKs2nuQgQPw01Gx06f2', '2015-12-03 00:41:02', '2015-12-03 00:42:39'),
(78, 1, 'Alfonso16', '$2y$10$Xut4Ce9RS3AdmdCDdqeMOeKpv1PMA/AceXNM5pLQ/yldzeUv1GTZq', '', 'Crse2KMdQjpq1dNwtUJ4BokxKeMkW4pgfPiFUwyUriX5hPYMHi7s0msKJg8J', '2015-12-03 02:11:08', '2015-12-03 02:11:30'),
(79, 1, 'Poli', '$2y$10$mWyOC8ZpSFrDcILUtGViJu3.4zoi0TrN1xkeWIjTfsBaANXUXzrvu', '', '', '2015-12-03 02:13:33', '2015-12-03 02:13:33'),
(80, 1, 'Jose17', '$2y$10$yR0/jTJrQyJQyr3aw1nV..3Vr9GNzPD3/XrB/T6DXlOaCUpebwonq', '', '', '2015-12-03 02:21:26', '2015-12-03 02:21:26'),
(81, 1, 'angeldarkk', '$2y$10$lhEjJCHsqzm3cTJSOagga.CtvPJ.rzGiUfSZ4zT0.OmoFYPbggpwO', 'ejemplo3@live.com', '', '2015-12-03 02:34:38', '2015-12-03 02:34:38'),
(82, 1, 'Robertin', '$2y$10$u1Mt13M8410nBKugMwtlo.Be3RtaZ6w0ikrmgCDL1YhF2Kr.ThRY2', '', 'Ko8dSXbNvEaz8Hwcjw70dbHvjbnDkRdK8OevQyv7b587N8xRTJcvh8bzosXZ', '2015-12-03 08:37:50', '2015-12-03 08:38:29'),
(83, 1, 'Juanito99', '$2y$10$QCsJTmlDaKBRm9cDsT6VROSIvjfPhyUi2HJ9EZD.pAlv8hxncPpD2', '', 'p6ga3Gyx1LM6Yo0NCq1WX3wOnIl6W56UWrgwk2EBiL6TT9VvtU0ct4zDawWq', '2015-12-03 08:47:12', '2015-12-03 08:47:28'),
(85, 1, 'Dianita1', '$2y$10$iM3A.jDhcSFQz4jUOD8ivuOf2kxySPRmbEDbR7jiRmY5nvT6mLE/u', '', '', '2015-12-04 01:46:06', '2015-12-04 01:46:06'),
(86, 1, 'Julia', '$2y$10$OWWTP8KmzErIf/VcsCjp6uutdTDqLtYkP0H4GPn12LqNJv9Ek7Qh2', '', 'hN9UUYEiL1gAR2FzRlW4eooL032AOz15wNOsoH1Ivfamp46YQtwbVSyiexpg', '2015-12-04 01:48:38', '2015-12-04 01:49:00'),
(88, 1, 'Gama', '$2y$10$hOMzS1I3cmgb3VPu7YID7.GhTC/TBF3XlWdYIh8wqH7EikTXidepe', '', '', '2015-12-04 02:03:37', '2015-12-04 02:03:37'),
(89, 1, 'Yatziri', '$2y$10$9e/N6biQINZ4eJ/y2R49E.sjjEWfNjcjGyIMwytWdQMJWuqI2ylXu', '', '', '2015-12-04 12:46:29', '2015-12-04 12:46:29'),
(90, 1, 'yovamh', '$2y$10$gLZmfXsVJ.LZqyC3XZcUkuV/DaY9epcigsfWmzxbQ7cKD/8xu3aU6', 'yova@gmail.com', '', '2015-12-04 17:47:09', '2015-12-04 17:47:09'),
(91, 1, 'darkkangel', '$2y$10$2FPexXlPNTQ2onh.YPvUmujVgKpfK/FJW.9j8vonSHtuPyOB2e43i', 'angeldarkkiller99@live.com', '0DzRNEmvA1tY5FX9OfKxSWSeOedHo1OVxOJS3MPOTGjpXjKGqLpZGIel0giE', '2015-12-04 18:26:23', '2015-12-04 18:27:20'),
(92, 2, 'Adri', '$2y$10$CTCAnuFunPCfiyiuHtRPi.tUnc0TLmjYpNBIGjxXj/IdGxQ4nyIGa', 'adri@hotmail.com', 'uSKqzxH2mvanqlbsCzUfLrWhVLH0VFInFZOjEsrFXlCK2tmvTsP4pYwbttgu', '2015-12-15 23:54:39', '2016-02-22 02:02:03'),
(93, 1, 'Luis99', '$2y$10$mVgY.RnBElSZmcBqTpMPHeG4xNt6m.eyQp.5jD5Z0LONudpT/PZ7K', 'xsxs@live.com', '', '2015-12-17 02:57:37', '2015-12-17 02:57:37'),
(95, 1, 'Luisito99', '$2y$10$h0sTinJks2X8srtsabYKFueJgMpsKcqf01wXmwqbLjjovjZlcEZNi', 'aaadda@live.com', '', '2015-12-17 03:05:29', '2015-12-17 03:05:29'),
(97, 1, 'aqaqaqsqs', '$2y$10$TQr6s9i4zMkrjjx1f94j7eB4wAo0DJiffbB7qhfCPPTr.pkyIJ9G6', '', '', '2015-12-17 04:16:00', '2015-12-17 04:16:00'),
(99, 1, 'xxxzzz', '$2y$10$EPa34z7mGD4ZhbovRt1jw.ODL4vgfgYgX8NrcP7bfGo0tZww6OG3u', 'xxxx@outlook.es', '', '2015-12-17 04:51:37', '2015-12-17 04:51:37'),
(100, 1, 'XDXDXDXD', '$2y$10$Z2dLTdqMLB.vuz/89BBKuOCZD3HvTZORNTvSi0LOksioEZ3D6nib.', 'xdxd@live.com', '', '2015-12-17 04:54:26', '2015-12-17 04:54:26'),
(101, 1, 'kiki', '$2y$10$8GGvk4GupoldRPIjI7.YXu5VUy/TzfWWPUguTCoskwC6ZtxIZD93u', 'kiki@live.com', '', '2015-12-17 06:31:47', '2015-12-17 06:31:47'),
(102, 1, 'Vic33', '$2y$10$qlP8qP4qGlDZK4MOK0MQgOXP8YssnCzG6fJ9OdLrw2EF9zyi8Mote', 'vic@hotmail.com', '', '2015-12-17 06:52:09', '2015-12-17 06:52:09'),
(103, 1, 'dededededdde', '$2y$10$HIFjcGjsbSZfDX16akcuK.g.2E9jSTv37U4ax0H3I8AhA2mvjQb16', 'rbtrtr@live.com', '', '2015-12-17 06:58:57', '2015-12-17 06:58:57'),
(106, 1, 'pdrin89', '$2y$10$/zsgv0Z2O1CJ0.EKYK3XxubWdNf2j7KCDnLa6.j6bMAqoamK6HhLK', 'pdrin@hotmail.com', '', '2015-12-17 07:20:41', '2015-12-17 07:20:41'),
(107, 1, 'Rafin', '$2y$10$5DOA4I5sIQ64sVr9Q1REUuAKfXuBDizhOigv8HKS3d8EE5RTiZxMS', 'rafin@live.com', '', '2015-12-17 07:25:32', '2015-12-17 07:25:32'),
(108, 2, 'Jorch17', '$2y$10$PtRwpkF0q8j43c3f608y0u8Y3OUG1x4i1x/HBs44zhsRdRAnWjqvq', 'jorch@hotmail.com', 'erSXc07bR1t57K7tyMb4UStbETH35tO9K4fSoyvxwddJg5i8ro0GGQ8MUIch', '2015-12-17 07:27:47', '2016-02-10 03:09:33'),
(109, 1, 'gkgkgk', '$2y$10$Chct6b8OOxh2cA7Fp9gL1epaN9AdP1Ca4jVHe7kG8G8APiUIaeG36', 'gkgkgk@live.com', '', '2015-12-17 07:33:49', '2015-12-17 07:33:49'),
(110, 1, 'dcsdcs', '$2y$10$OViBw3fkKDkLLxvprR/xUepD6Z8iEn9aNQvkbcfXx7h33cDI13ite', 'sxxas@live.com', '', '2015-12-17 07:35:38', '2015-12-17 07:35:38'),
(111, 1, 'Prix17', '$2y$10$LGu6imKj8.yxXGHlOSbT8u.FjnRVp2wPuw28kxbxYYMG8vjLpOfzS', 'prix@live.com', '', '2015-12-18 02:05:44', '2015-12-18 02:05:44'),
(112, 1, 'Sami12', '$2y$10$cOXbPgRG9UYSzfeVYPGZaOYxeM687TWqq02cD1ozol0F.Er4uNAIK', 'sami12@hotmail.com', 'wNjDwrxbUYYSndqjpCdc1BG7JgNGJq8cWtVqBabFLbv3taJCu3ulNHpP8IjP', '2015-12-18 04:38:19', '2015-12-22 08:02:20'),
(121, 1, 'Avioneta', '$2y$10$l8r7B6ztTAwLDjPk9cz99.l5V2fAYb5dYuMu/dlmX.qPqxyV282He', 'avion@live.com', '', '2016-01-11 23:54:38', '2016-01-11 23:54:38'),
(122, 1, 'Rodo', '$2y$10$ej0fJmSCGJP35O.LwRND0OXoOYBV0ihH1DAoJxW6vSMeByVoI6582', 'rod@hotmail.com', '', '2016-01-11 23:58:50', '2016-01-11 23:58:50'),
(123, 1, 'Juanito', '$2y$10$W2cJbZID2Uapl8erjoZQ5ep0toXEfq4yYsYtL.Gc04T/0XLXDFHqu', 'juan@live.com', '', '2016-01-11 18:36:32', '2016-01-11 18:36:32'),
(124, 1, 'VictorXD', '$2y$10$W.5buKxONnIIlOjwFVLLhuzNe35aLh6rXTIBSEV4gNiEkr8C0g.Ay', 'vic@live.com', '', '2016-01-11 18:38:54', '2016-01-11 18:38:54'),
(125, 1, 'Arturin', '$2y$10$lKTI6urzZnWrIoaXQ0ea1Ol75sn1eNY7xH/TosFCVXkYIUT5TbQfu', 'art@hotmail.com', '', '2016-01-11 18:40:34', '2016-01-11 18:40:34'),
(126, 1, 'Luisito12', '$2y$10$gdThfmFTw6.SsSSl9PZH1uwgROWAFN96kJumORRb83x1soDudxEUG', 'luisangel@hotmail.com', 'R8MyaecEN1U4eIggj2cw3U8afXwbmNlS55410KyvMy6vtUoO1tv074MUdPF5', '2016-01-11 18:51:06', '2016-01-14 06:25:27'),
(128, 1, 'Leo99', '$2y$10$wprCLBjsDs031KDbmSmAQOmql3sCZfIoSdQX6kS9h0USqQ6H05HFW', 'leo@outlook.es', '8QnGg1rmpYm7wey50kL7XT0yr88tvRfDUz9mPlk9aflai4mA4eyfFT5rGSla', '2016-01-13 05:32:08', '2016-01-21 05:19:18'),
(129, 1, 'James12', '$2y$10$Wo06s3fvBFZ1EqkrMYK5h.0hro8361HgSDPCF1tL.Tapsgcf/FDhy', 'ja@live.com', 'DgxeONjqDxQ7JrsLnWL0oDx4OYv6mMz8VRLaQsGAvPtsGHrKpKdSiIYouQQJ', '2016-01-14 05:53:27', '2016-01-21 09:13:04'),
(130, 1, 'LuisMh99', '$2y$10$XC2zQk1H2YzVsTu54fdEX.9Cg1rYiGSCaXS826BzV5bX4Ef7Y45uC', 'luis_@live.com', 'NBlyDjUWbTpKpcIUDq8j0w9tZoD5sMesSLchf97zBtipRSYFsQfsLcmtWkWo', '2016-01-17 04:45:05', '2016-02-15 03:20:50'),
(131, 1, 'Carmen99', '$2y$10$dqeAbc/FQRG78qloEfpkaOHEKJ2RaLSsnSdXrKE8c5tsbX/Z6U/hC', 'car@live.com', 'OSE1yjQFNE4ho27Zp30Izvwqc2WbEfBcWMRBSjLSuuxVC6p4YG8PvrkGUhia', '2016-01-21 09:14:01', '2016-01-21 17:48:49'),
(132, 1, 'Er_12', '$2y$10$oI1kkkP4Y/CPuNFz6NLE/Oqw/ERtuc4bxFmJoqibu0zA52cia5GY6', 'er_@hotmail.com', 'P8jdeKUvL42TcmbRM123dojG0fX0GX42n8HZxjnoJEwwiWeQ5bqssu2PsEKo', '2016-01-21 17:47:59', '2016-01-21 19:04:31'),
(133, 1, 'Pepe99', '$2y$10$WFqEpIztHNdEusdm1hHcRe/RIav7SLBaBtIRb0kjToHiLnXDkJM1a', 'pepe@outlook.es', '', '2016-01-22 17:53:39', '2016-01-22 17:53:39'),
(134, 1, 'Rbt99', '$2y$10$MuVyAB4qqBVcMZrRpS/.euytOuKK8SwTuX6.WO1.kt99X6xkWjj0y', 'angeldarkkiller99@live.comwe', '', '2016-01-23 02:25:23', '2016-01-23 02:25:23'),
(135, 1, 'ChalesXD', '$2y$10$ysTapq4iqof6v2qUQ6vX..2hMFPwgmF1Ik3EnGKQQHSstGYOXyxBu', 'chales@live.com', '', '2016-01-23 03:47:16', '2016-01-23 03:47:16'),
(136, 1, 'Vegeta99', '$2y$10$//odMx4jVUV.q.dpD2OEyuVKAwTFqJaGf./2Rbo.Vntv9TilSOShm', 'vegeta@live.com', 'OzSObbvoHyD1GvJ6ua9Q0bIjynibXakvDLuGrto01HyBmwpIDg84RHvUSiFB', '2016-01-23 04:50:54', '2016-02-15 03:42:32'),
(137, 1, 'Gohan99', '$2y$10$JXd5CMJL8DwcpbJwdV.4xOdAxrW3gtmpxQToEEtOius9O34GlOi4K', 'gohan@live.com', '', '2016-01-23 16:49:55', '2016-01-23 16:49:55'),
(138, 1, 'Krilin99', '$2y$10$fRzVN8KnCc5ybej0.jOi0OKXbsFXIQA8eqjYC/JyUAL4yzBeHfSyK', 'krilin@live.com', '', '2016-01-24 06:23:03', '2016-01-24 06:23:03'),
(139, 1, 'Yamcha99', '$2y$10$6SOUCV2Lw0Rr3ITw2YE9I.RzYMtCNIyzbQMz/Sd4S6vo7jhPy9sP.', 'yamcha@outlook.es', '', '2016-02-03 18:16:40', '2016-02-03 18:16:40'),
(140, 1, 'Roshi99', '$2y$10$kZUzXVBxvA07DnY3We0hHu1PqcHZeGRdRsCEKjR51gCOqNRHTfUKy', 'roshi@live.com', '', '2016-02-04 03:23:06', '2016-02-04 03:23:06'),
(141, 1, 'Brolyn99', '$2y$10$yszudqW67OmCIcBvKU1VTe.4Nz2qIJK/RJ8tV0n7gRq2y7TCFfT1y', 'broly@gmail.com', 'N2fUCaE6s7wVzAd16fdaLgBQeWoWwh0W6UUfo2VB5e77ITp7G8JY3N8x3O68', '2016-02-04 17:15:17', '2016-02-11 08:22:29'),
(142, 1, 'Sepala99', '$2y$10$hlsH6qny6Ued4cRv1ehw.eVx907B1JNaZsHvW51pxvN9x/hM/ZJve', 'sepala@live.com', 'ker3rmxq8joVCQROxIjXQ2XiYyY7wXvsN5qSeSfFPZhktcbRJaleiAzHeum0', '2016-02-05 21:00:09', '2016-02-14 17:59:32'),
(143, 1, 'MajinBoo99', '$2y$10$czkzKExdYC7uOzRm7uD6AOUuOY5ZOs5WwBqLqQV53pmMWMeef0VS.', 'majon@outlook.es', '', '2016-02-10 00:39:00', '2016-02-10 00:39:00'),
(144, 1, 'Cell99', '$2y$10$TRtBXWz6Ob8otIzT/.HKzeHrruVpnWLjMs.QWuDZlkaJCIOd8XSz.', 'cell@hotmail.com', 'aFTI1U9DKiOdeRmnXcGEwWyBse3nX3fGMU7hxYcQACXAuavKukiXCSHnz9zg', '2016-02-10 00:57:01', '2016-02-22 19:38:43'),
(145, 1, 'Frezeer99', '$2y$10$52U3//Wuu/y/Dy81kk0N1eNN.TmEDkvGTnfZ6xssrMU7JAopEEpm6', 'fre@live.com', 'DXiRK88s9YT1BjnEwKqMOedty3QgoclnFEvpbR4zMgHvp0LXyxUPLXQ3dF08', '2016-02-10 03:38:24', '2016-02-14 20:36:13'),
(146, 1, 'Yeins99', '$2y$10$1LL16XJyZBN18vdM0gNMQOcbJewpaXMSFoBBKS.aseUgL/RhVUlwW', 'ye@live.com', '8wgifYFFHUpGKzmDC3omTMNPRsnEAzcc0U5K7s3A9uFYc4FZahBdP68OCcnt', '2016-02-11 03:42:25', '2016-02-11 04:09:47'),
(147, 1, 'Tapion99', '$2y$10$lIoC7p2RR4foGyCtz0vnGO.BEuIjvgLW5Ou1ELVXOwOQmLBpqjRnq', 'Tapion@live.com', 'sUvwADaRVjwAGQ6CK6aHtCpUafMAfDS0LzOtBLx3Ik67WlFlLC1GvhOhTShk', '2016-02-14 16:12:31', '2016-02-14 17:42:25'),
(148, 1, 'Naruto99', '$2y$10$VHpi/JHeOqifCET4NlanMOO1bcGHtInHpxf838NZuaLK3GybzTfE6', 'naruto@hotmail.com', 'UMyKarMzhFTDsQLqIYH3CX3japEHPVBu64XLF3p8acI0ON3VfWP09dJQ18c2', '2016-02-14 22:27:09', '2016-02-17 11:26:42'),
(149, 1, 'Mr.Satan XD', '$2y$10$wLftYS0zC08rK8TQv5p.veJlxBoI4ASWNvDHGvz9pND8FX1cJrkhC', 'cell@live.com', '', '2016-02-16 18:31:59', '2016-02-16 18:31:59'),
(150, 1, 'Chales99', '$2y$10$RoUOTYv1aHIpd05gYsZNdOu.wzyQoVEEqlWeC9pP/1ao5Q2E34vTO', 'chalesxd@live.com', 'naWr4BRwiZUNwzQ7S9m2FV5RaiFEZJeWQ8T83ul1tnp1xKMmoU7veBC2u7mm', '2016-02-17 11:28:13', '2016-02-17 11:53:12'),
(151, 1, 'Oliver99', '$2y$10$Kkkm2e0zz/fw8RMWFwOKce8f6jDssyj80ohsX8CyXjrz8q7MILrqu', 'oli@hotmail.com', '9LvnuzhbZalPGexiB7dYWlVREWj8JULwH71mGbNAZRLdHjM7NhAmVK1fS9nT', '2016-02-18 23:05:55', '2016-02-22 02:35:32'),
(152, 1, 'Benyi99', '$2y$10$jKnzkUVCS.qn6mPX.eJIYu3S41GRfSRiO7995gZCzPuTMyVwbwyIa', 'benyi@live.com', 'MCBtZ0Q3Qb5F6nKCwwciUVN4Ud4722Qs1xpmWa6mZN69emIxl6cELJQx5eYe', '2016-02-20 20:00:01', '2016-02-22 02:36:49');

-- --------------------------------------------------------

--
-- Estructura de tabla para la tabla `usuario_detalle`
--

CREATE TABLE IF NOT EXISTS `usuario_detalle` (
  `id` int(10) unsigned NOT NULL,
  `usuario_id` int(10) unsigned NOT NULL,
  `nombre` varchar(255) COLLATE utf8_unicode_ci NOT NULL,
  `created_at` timestamp NOT NULL DEFAULT '0000-00-00 00:00:00',
  `updated_at` timestamp NOT NULL DEFAULT '0000-00-00 00:00:00'
) ENGINE=InnoDB DEFAULT CHARSET=utf8 COLLATE=utf8_unicode_ci;

--
-- Índices para tablas volcadas
--

--
-- Indices de la tabla `almacen`
--
ALTER TABLE `almacen`
  ADD PRIMARY KEY (`id`);

--
-- Indices de la tabla `cliente`
--
ALTER TABLE `cliente`
  ADD PRIMARY KEY (`id`),
  ADD KEY `cliente_usuario_id_foreign` (`usuario_id`),
  ADD KEY `cliente_nivel_descuento_id_foreign` (`nivel_descuento_id`);

--
-- Indices de la tabla `cliente_forma_pago`
--
ALTER TABLE `cliente_forma_pago`
  ADD PRIMARY KEY (`id`),
  ADD KEY `cliente_forma_pago_cliente_id_foreign` (`cliente_id`),
  ADD KEY `cliente_forma_pago_forma_pago_id_foreign` (`forma_pago_id`);

--
-- Indices de la tabla `comercializador`
--
ALTER TABLE `comercializador`
  ADD PRIMARY KEY (`id`);

--
-- Indices de la tabla `contacto`
--
ALTER TABLE `contacto`
  ADD PRIMARY KEY (`id`),
  ADD KEY `contacto_proveedor_id_foreign` (`proveedor_id`);

--
-- Indices de la tabla `descuento`
--
ALTER TABLE `descuento`
  ADD PRIMARY KEY (`id`);

--
-- Indices de la tabla `direccion_cliente`
--
ALTER TABLE `direccion_cliente`
  ADD PRIMARY KEY (`id`),
  ADD KEY `direccion_cliente_cliente_id_foreign` (`cliente_id`),
  ADD KEY `direccion_cliente_pais_id_foreign` (`pais_id`),
  ADD KEY `direccion_cliente_estado_id_foreign` (`estado_id`),
  ADD KEY `direccion_cliente_municipio_id_foreign` (`municipio_id`),
  ADD KEY `direccion_cliente_telefono_cliente_id_foreign` (`telefono_cliente_id`);

--
-- Indices de la tabla `direccion_proveedor`
--
ALTER TABLE `direccion_proveedor`
  ADD PRIMARY KEY (`id`),
  ADD KEY `direccion_proveedor_proveedor_id_foreign` (`proveedor_id`),
  ADD KEY `direccion_proveedor_pais_id_foreign` (`pais_id`),
  ADD KEY `direccion_proveedor_estado_id_foreign` (`estado_id`),
  ADD KEY `direccion_proveedor_municipio_id_foreign` (`municipio_id`);

--
-- Indices de la tabla `entrada`
--
ALTER TABLE `entrada`
  ADD PRIMARY KEY (`id`),
  ADD KEY `entrada_proveedor_id_foreign` (`proveedor_id`);

--
-- Indices de la tabla `entrada_detalle`
--
ALTER TABLE `entrada_detalle`
  ADD PRIMARY KEY (`id`),
  ADD KEY `entrada_detalle_producto_id_foreign` (`producto_id`),
  ADD KEY `entrada_detalle_entrada_id_foreign` (`entrada_id`);

--
-- Indices de la tabla `estado`
--
ALTER TABLE `estado`
  ADD PRIMARY KEY (`id`),
  ADD KEY `estado_pais_id_foreign` (`pais_id`);

--
-- Indices de la tabla `familia`
--
ALTER TABLE `familia`
  ADD PRIMARY KEY (`id`),
  ADD KEY `familia_descuento_id_foreign` (`descuento_id`);

--
-- Indices de la tabla `forma_pago`
--
ALTER TABLE `forma_pago`
  ADD PRIMARY KEY (`id`);

--
-- Indices de la tabla `importador`
--
ALTER TABLE `importador`
  ADD PRIMARY KEY (`id`);

--
-- Indices de la tabla `inventario`
--
ALTER TABLE `inventario`
  ADD PRIMARY KEY (`id`),
  ADD KEY `inventario_producto_id_foreign` (`producto_id`);

--
-- Indices de la tabla `mensajeria`
--
ALTER TABLE `mensajeria`
  ADD PRIMARY KEY (`id`);

--
-- Indices de la tabla `municipio`
--
ALTER TABLE `municipio`
  ADD PRIMARY KEY (`id`),
  ADD KEY `municipio_estado_id_foreign` (`estado_id`);

--
-- Indices de la tabla `nivel_descuento`
--
ALTER TABLE `nivel_descuento`
  ADD PRIMARY KEY (`id`);

--
-- Indices de la tabla `pais`
--
ALTER TABLE `pais`
  ADD PRIMARY KEY (`id`);

--
-- Indices de la tabla `password_reminders`
--
ALTER TABLE `password_reminders`
  ADD KEY `password_reminders_email_index` (`email`),
  ADD KEY `password_reminders_token_index` (`token`);

--
-- Indices de la tabla `pedido`
--
ALTER TABLE `pedido`
  ADD PRIMARY KEY (`id`),
  ADD KEY `pedido_cliente_id_foreign` (`cliente_id`),
  ADD KEY `pedido_mensajeria_id_foreign` (`mensajeria_id`),
  ADD KEY `pedido_direccion_cliente_id_foreign` (`direccion_cliente_id`),
  ADD KEY `pedido_forma_pago_id_foreign` (`forma_pago_id`);

--
-- Indices de la tabla `pedido_detalle`
--
ALTER TABLE `pedido_detalle`
  ADD PRIMARY KEY (`id`),
  ADD KEY `pedido_detalle_pedido_id_foreign` (`pedido_id`),
  ADD KEY `pedido_detalle_producto_id_foreign` (`producto_id`);

--
-- Indices de la tabla `precio`
--
ALTER TABLE `precio`
  ADD PRIMARY KEY (`id`);

--
-- Indices de la tabla `producto`
--
ALTER TABLE `producto`
  ADD PRIMARY KEY (`id`),
  ADD KEY `producto_unidad_medida_id_foreign` (`unidad_medida_id`),
  ADD KEY `producto_importador_id_foreign` (`importador_id`),
  ADD KEY `producto_almacen_id_foreign` (`almacen_id`),
  ADD KEY `producto_familia_id_foreign` (`familia_id`);

--
-- Indices de la tabla `producto_precio`
--
ALTER TABLE `producto_precio`
  ADD PRIMARY KEY (`id`),
  ADD KEY `producto_precio_producto_id_foreign` (`producto_id`);

--
-- Indices de la tabla `proveedor`
--
ALTER TABLE `proveedor`
  ADD PRIMARY KEY (`id`),
  ADD KEY `proveedor_comercializador_id_foreign` (`comercializador_id`);

--
-- Indices de la tabla `rol`
--
ALTER TABLE `rol`
  ADD PRIMARY KEY (`id`);

--
-- Indices de la tabla `telefono_cliente`
--
ALTER TABLE `telefono_cliente`
  ADD PRIMARY KEY (`id`),
  ADD KEY `telefono_cliente_cliente_id_foreign` (`cliente_id`);

--
-- Indices de la tabla `telefono_proveedor`
--
ALTER TABLE `telefono_proveedor`
  ADD PRIMARY KEY (`id`),
  ADD KEY `telefono_proveedor_proveedor_id_foreign` (`proveedor_id`);

--
-- Indices de la tabla `unidad_medida`
--
ALTER TABLE `unidad_medida`
  ADD PRIMARY KEY (`id`);

--
-- Indices de la tabla `usuario`
--
ALTER TABLE `usuario`
  ADD PRIMARY KEY (`id`),
  ADD KEY `usuario_rol_id_foreign` (`rol_id`);

--
-- Indices de la tabla `usuario_detalle`
--
ALTER TABLE `usuario_detalle`
  ADD PRIMARY KEY (`id`),
  ADD KEY `usuario_detalle_usuario_id_foreign` (`usuario_id`);

--
-- AUTO_INCREMENT de las tablas volcadas
--

--
-- AUTO_INCREMENT de la tabla `almacen`
--
ALTER TABLE `almacen`
  MODIFY `id` int(10) unsigned NOT NULL AUTO_INCREMENT,AUTO_INCREMENT=2;
--
-- AUTO_INCREMENT de la tabla `cliente`
--
ALTER TABLE `cliente`
  MODIFY `id` int(10) unsigned NOT NULL AUTO_INCREMENT,AUTO_INCREMENT=93;
--
-- AUTO_INCREMENT de la tabla `cliente_forma_pago`
--
ALTER TABLE `cliente_forma_pago`
  MODIFY `id` int(10) unsigned NOT NULL AUTO_INCREMENT,AUTO_INCREMENT=721;
--
-- AUTO_INCREMENT de la tabla `comercializador`
--
ALTER TABLE `comercializador`
  MODIFY `id` int(10) unsigned NOT NULL AUTO_INCREMENT,AUTO_INCREMENT=6;
--
-- AUTO_INCREMENT de la tabla `contacto`
--
ALTER TABLE `contacto`
  MODIFY `id` int(10) unsigned NOT NULL AUTO_INCREMENT;
--
-- AUTO_INCREMENT de la tabla `descuento`
--
ALTER TABLE `descuento`
  MODIFY `id` int(10) unsigned NOT NULL AUTO_INCREMENT,AUTO_INCREMENT=3;
--
-- AUTO_INCREMENT de la tabla `direccion_cliente`
--
ALTER TABLE `direccion_cliente`
  MODIFY `id` int(10) unsigned NOT NULL AUTO_INCREMENT,AUTO_INCREMENT=383;
--
-- AUTO_INCREMENT de la tabla `direccion_proveedor`
--
ALTER TABLE `direccion_proveedor`
  MODIFY `id` int(10) unsigned NOT NULL AUTO_INCREMENT;
--
-- AUTO_INCREMENT de la tabla `entrada`
--
ALTER TABLE `entrada`
  MODIFY `id` int(10) unsigned NOT NULL AUTO_INCREMENT,AUTO_INCREMENT=36;
--
-- AUTO_INCREMENT de la tabla `entrada_detalle`
--
ALTER TABLE `entrada_detalle`
  MODIFY `id` int(10) unsigned NOT NULL AUTO_INCREMENT,AUTO_INCREMENT=45;
--
-- AUTO_INCREMENT de la tabla `estado`
--
ALTER TABLE `estado`
  MODIFY `id` int(10) unsigned NOT NULL AUTO_INCREMENT,AUTO_INCREMENT=33;
--
-- AUTO_INCREMENT de la tabla `familia`
--
ALTER TABLE `familia`
  MODIFY `id` int(10) unsigned NOT NULL AUTO_INCREMENT,AUTO_INCREMENT=4;
--
-- AUTO_INCREMENT de la tabla `forma_pago`
--
ALTER TABLE `forma_pago`
  MODIFY `id` int(10) unsigned NOT NULL AUTO_INCREMENT,AUTO_INCREMENT=5;
--
-- AUTO_INCREMENT de la tabla `importador`
--
ALTER TABLE `importador`
  MODIFY `id` int(10) unsigned NOT NULL AUTO_INCREMENT,AUTO_INCREMENT=3;
--
-- AUTO_INCREMENT de la tabla `inventario`
--
ALTER TABLE `inventario`
  MODIFY `id` int(10) unsigned NOT NULL AUTO_INCREMENT,AUTO_INCREMENT=10;
--
-- AUTO_INCREMENT de la tabla `mensajeria`
--
ALTER TABLE `mensajeria`
  MODIFY `id` int(10) unsigned NOT NULL AUTO_INCREMENT,AUTO_INCREMENT=696;
--
-- AUTO_INCREMENT de la tabla `municipio`
--
ALTER TABLE `municipio`
  MODIFY `id` int(10) unsigned NOT NULL AUTO_INCREMENT,AUTO_INCREMENT=33;
--
-- AUTO_INCREMENT de la tabla `nivel_descuento`
--
ALTER TABLE `nivel_descuento`
  MODIFY `id` int(10) unsigned NOT NULL AUTO_INCREMENT,AUTO_INCREMENT=4;
--
-- AUTO_INCREMENT de la tabla `pais`
--
ALTER TABLE `pais`
  MODIFY `id` int(10) unsigned NOT NULL AUTO_INCREMENT,AUTO_INCREMENT=2;
--
-- AUTO_INCREMENT de la tabla `pedido`
--
ALTER TABLE `pedido`
  MODIFY `id` int(10) unsigned NOT NULL AUTO_INCREMENT,AUTO_INCREMENT=652;
--
-- AUTO_INCREMENT de la tabla `pedido_detalle`
--
ALTER TABLE `pedido_detalle`
  MODIFY `id` int(10) unsigned NOT NULL AUTO_INCREMENT,AUTO_INCREMENT=569;
--
-- AUTO_INCREMENT de la tabla `precio`
--
ALTER TABLE `precio`
  MODIFY `id` int(11) NOT NULL AUTO_INCREMENT,AUTO_INCREMENT=2;
--
-- AUTO_INCREMENT de la tabla `producto`
--
ALTER TABLE `producto`
  MODIFY `id` int(10) unsigned NOT NULL AUTO_INCREMENT,AUTO_INCREMENT=10;
--
-- AUTO_INCREMENT de la tabla `producto_precio`
--
ALTER TABLE `producto_precio`
  MODIFY `id` int(10) unsigned NOT NULL AUTO_INCREMENT,AUTO_INCREMENT=11;
--
-- AUTO_INCREMENT de la tabla `proveedor`
--
ALTER TABLE `proveedor`
  MODIFY `id` int(10) unsigned NOT NULL AUTO_INCREMENT,AUTO_INCREMENT=5;
--
-- AUTO_INCREMENT de la tabla `rol`
--
ALTER TABLE `rol`
  MODIFY `id` int(10) unsigned NOT NULL AUTO_INCREMENT,AUTO_INCREMENT=4;
--
-- AUTO_INCREMENT de la tabla `telefono_cliente`
--
ALTER TABLE `telefono_cliente`
  MODIFY `id` int(10) unsigned NOT NULL AUTO_INCREMENT,AUTO_INCREMENT=372;
--
-- AUTO_INCREMENT de la tabla `telefono_proveedor`
--
ALTER TABLE `telefono_proveedor`
  MODIFY `id` int(10) unsigned NOT NULL AUTO_INCREMENT;
--
-- AUTO_INCREMENT de la tabla `unidad_medida`
--
ALTER TABLE `unidad_medida`
  MODIFY `id` int(10) unsigned NOT NULL AUTO_INCREMENT,AUTO_INCREMENT=2;
--
-- AUTO_INCREMENT de la tabla `usuario`
--
ALTER TABLE `usuario`
  MODIFY `id` int(10) unsigned NOT NULL AUTO_INCREMENT,AUTO_INCREMENT=153;
--
-- AUTO_INCREMENT de la tabla `usuario_detalle`
--
ALTER TABLE `usuario_detalle`
  MODIFY `id` int(10) unsigned NOT NULL AUTO_INCREMENT;
--
-- Restricciones para tablas volcadas
--

--
-- Filtros para la tabla `cliente`
--
ALTER TABLE `cliente`
  ADD CONSTRAINT `cliente_nivel_descuento_id_foreign` FOREIGN KEY (`nivel_descuento_id`) REFERENCES `nivel_descuento` (`id`),
  ADD CONSTRAINT `cliente_usuario_id_foreign` FOREIGN KEY (`usuario_id`) REFERENCES `usuario` (`id`);

/*!40101 SET CHARACTER_SET_CLIENT=@OLD_CHARACTER_SET_CLIENT */;
/*!40101 SET CHARACTER_SET_RESULTS=@OLD_CHARACTER_SET_RESULTS */;
/*!40101 SET COLLATION_CONNECTION=@OLD_COLLATION_CONNECTION */;
